ZIP,Household Count,City/Town,County,Population,,,,,,,
90011,"106,042",Los Angeles,Los Angeles County,"106,042",,,,,,,
90650,"101,983",Norwalk,Los Angeles County,"101,983",,,,,,,
94565,"100,826",Pittsburg,Contra Costa County,"100,826",,,,,,,
92336,"100,571",Fontana,San Bernardino County,"100,571",,,,,,,
91331,"99,804",Pacoima,Los Angeles County,"99,804",,,,,,,
90044,"98,990",Los Angeles,Los Angeles County,"98,990",,,,,,,
92335,"96,704",Fontana,San Bernardino County,"96,704",,,,,,,
90805,"96,515",Long Beach,Los Angeles County,"96,515",,,,,,,
90250,"96,200",Hawthorne,Los Angeles County,"96,200",,,,,,,
90201,"95,134",Bell Gardens,Los Angeles County,"95,134",,,,,,,
91342,"92,580",Sylmar,Los Angeles County,"92,580",,,,,,,
90280,"92,262",South Gate,Los Angeles County,"92,262",,,,,,,
92683,"90,630",Westminster,Orange County,"90,630",,,,,,,
93307,"89,651",Bakersfield,Kern County,"89,651",,,,,,,
92503,"88,617",Riverside,Riverside County,"88,617",,,,,,,
91911,"87,799",Chula Vista,San Diego County,"87,799",,,,,,,
92345,"87,476",Hesperia,San Bernardino County,"87,476",,,,,,,
93722,"86,387",Fresno,Fresno County,"86,387",,,,,,,
92376,"85,727",Rialto,San Bernardino County,"85,727",,,,,,,
92805,"73,310",Anaheim,Orange County,"73,310",,,,,,,
92105,"72,688",San Diego,San Diego County,"72,688",,,,,,,
91706,"72,495",Baldwin Park,Los Angeles County,"72,495",,,,,,,
93536,"72,131",Lancaster,Los Angeles County,"72,131",,,,,,,
93065,"72,086",Simi Valley,Ventura County,"72,086",,,,,,,
90255,"71,654",Huntington Park,Los Angeles County,"71,654",,,,,,,
94536,"71,445",Fremont,Alameda County,"71,445",,,,,,,
94568,"71,068",Dublin,Alameda County,"71,068",,,,,,,
91730,"71,040",Rancho Cucamonga,San Bernardino County,"71,040",,,,,,,
95123,"70,952",San Jose,Santa Clara County,"70,952",,,,,,,
94509,"70,889",Antioch,Contra Costa County,"70,889",,,,,,,
94110,"69,679",San Francisco,San Francisco County,"69,679",,,,,,,
92021,"69,638",El Cajon,San Diego County,"69,638",,,,,,,
91766,"69,517",Pomona,Los Angeles County,"69,517",,,,,,,
94587,"69,502",Union City,Alameda County,"69,502",,,,,,,
92882,"69,472",Corona,Riverside County,"69,472",,,,,,,
90037,"69,064",Los Angeles,Los Angeles County,"69,064",,,,,,,
90631,"69,064",La Habra,Orange County,"69,064",,,,,,,
95687,"68,996",Vacaville,Solano County,"68,996",,,,,,,
93230,"68,572",Hanford,Kings County,"68,572",,,,,,,
95020,"68,365",Gilroy,Santa Clara County,"68,365",,,,,,,
95206,"68,031",Stockton,San Joaquin County,"68,031",,,,,,,
91402,"67,937",Panorama City,Los Angeles County,"67,937",,,,,,,
95624,"67,915",Elk Grove,Sacramento County,"67,915",,,,,,,
94513,"67,580",Brentwood,Contra Costa County,"67,580",,,,,,,
94541,"67,401",Hayward,Alameda County,"67,401",,,,,,,
92407,"67,207",San Bernardino,San Bernardino County,"67,207",,,,,,,
93906,"66,883",Salinas,Monterey County,"66,883",,,,,,,
92114,"66,487",San Diego,San Diego County,"66,487",,,,,,,
94080,"66,262",South San Francisco,San Mateo County,"66,262",,,,,,,
92630,"66,240",Lake Forest,Orange County,"66,240",,,,,,,
94538,"66,215",Fremont,Alameda County,"66,215",,,,,,,
95758,"66,153",Elk Grove,Sacramento County,"66,153",,,,,,,
90262,"66,073",Lynwood,Los Angeles County,"66,073",,,,,,,
91977,"65,497",Spring Valley,San Diego County,"65,497",,,,,,,
94015,"65,125",Daly City,San Mateo County,"65,125",,,,,,,
94558,"65,084",Napa,Napa County,"65,084",,,,,,,
90026,"64,769",Los Angeles,Los Angeles County,"64,769",,,,,,,
92201,"64,325",Indio,Riverside County,"64,325",,,,,,,
92677,"64,259",Laguna Niguel,Orange County,"64,259",,,,,,,
92562,"64,155",Murrieta,Riverside County,"64,155",,,,,,,
90022,"64,147",Los Angeles,Los Angeles County,"64,147",,,,,,,
92404,"64,090",San Bernardino,San Bernardino County,"64,090",,,,,,,
92801,"64,022",Anaheim,Orange County,"64,022",,,,,,,
94806,"63,730",San Pablo,Contra Costa County,"63,730",,,,,,,
95608,"63,715",Carmichael,Sacramento County,"63,715",,,,,,,
90731,"63,431",San Pedro,Los Angeles County,"63,431",,,,,,,
94501,"63,340",Alameda,Alameda County,"63,340",,,,,,,
91343,"63,193",North Hills,Los Angeles County,"63,193",,,,,,,
93905,"63,121",Salinas,Monterey County,"63,121",,,,,,,
91762,"62,990",Ontario,San Bernardino County,"62,990",,,,,,,
93309,"62,828",Bakersfield,Kern County,"62,828",,,,,,,
90640,"62,294",Montebello,Los Angeles County,"62,294",,,,,,,
95127,"62,269",San Jose,Santa Clara County,"62,269",,,,,,,
91702,"62,196",Azusa,Los Angeles County,"62,196",,,,,,,
92627,"62,181",Costa Mesa,Orange County,"62,181",,,,,,,
92392,"61,859",Victorville,San Bernardino County,"61,859",,,,,,,
91761,"61,837",Ontario,San Bernardino County,"61,837",,,,,,,
92223,"61,686",Beaumont,Riverside County,"61,686",,,,,,,
92703,"61,593",Santa Ana,Orange County,"61,593",,,,,,,
90660,"61,561",Pico Rivera,Los Angeles County,"61,561",,,,,,,
92115,"61,456",San Diego,San Diego County,"61,456",,,,,,,
93291,"61,439",Visalia,Tulare County,"61,439",,,,,,,
95014,"61,414",Cupertino,Santa Clara County,"61,414",,,,,,,
92620,"61,110",Irvine,Orange County,"61,110",,,,,,,
92507,"60,949",Riverside,Riverside County,"60,949",,,,,,,
95828,"60,850",Sacramento,Sacramento County,"60,850",,,,,,,
95051,"60,499",Santa Clara,Santa Clara County,"60,499",,,,,,,
95355,"60,338",Modesto,Stanislaus County,"60,338",,,,,,,
92647,"60,114",Huntington Beach,Orange County,"60,114",,,,,,,
92346,"60,025",Highland,San Bernardino County,"60,025",,,,,,,
93313,"59,924",Bakersfield,Kern County,"59,924",,,,,,,
92571,"59,896",Perris,Riverside County,"59,896",,,,,,,
92071,"59,795",Santee,San Diego County,"59,795",,,,,,,
93458,"59,789",Santa Maria,Santa Barbara County,"59,789",,,,,,,
92020,"59,775",El Cajon,San Diego County,"59,775",,,,,,,
95111,"59,761",San Jose,Santa Clara County,"59,761",,,,,,,
92707,"59,712",Santa Ana,Orange County,"59,712",,,,,,,
93312,"59,616",Bakersfield,Kern County,"59,616",,,,,,,
94122,"59,453",San Francisco,San Francisco County,"59,453",,,,,,,
95670,"59,449",Rancho Cordova,Sacramento County,"59,449",,,,,,,
90019,"59,410",Los Angeles,Los Angeles County,"59,410",,,,,,,
91770,"59,410",Rosemead,Los Angeles County,"59,410",,,,,,,
92618,"59,386",Irvine,Orange County,"59,386",,,,,,,
90042,"59,151",Los Angeles,Los Angeles County,"59,151",,,,,,,
94591,"59,026",Vallejo,Solano County,"59,026",,,,,,,
94087,"58,913",Sunnyvale,Santa Clara County,"58,913",,,,,,,
91732,"58,888",El Monte,Los Angeles County,"58,888",,,,,,,
90004,"58,833",Los Angeles,Los Angeles County,"58,833",,,,,,,
95112,"58,775",San Jose,Santa Clara County,"58,775",,,,,,,
90745,"58,735",Carson,Los Angeles County,"58,735",,,,,,,
93030,"58,511",Oxnard,Ventura County,"58,511",,,,,,,
92570,"58,275",Perris,Riverside County,"58,275",,,,,,,
92530,"58,249",Lake Elsinore,Riverside County,"58,249",,,,,,,
92057,"58,022",Oceanside,San Diego County,"58,022",,,,,,,
91950,"57,844",National City,San Diego County,"57,844",,,,,,,
90001,"57,652",Los Angeles,Los Angeles County,"57,652",,,,,,,
92504,"57,636",Riverside,Riverside County,"57,636",,,,,,,
92324,"57,593",Colton,San Bernardino County,"57,593",,,,,,,
95023,"57,367",Hollister,San Benito County,"57,367",,,,,,,
92130,"57,363",San Diego,San Diego County,"57,363",,,,,,,
93063,"57,075",Simi Valley,Ventura County,"57,075",,,,,,,
92708,"56,754",Fountain Valley,Orange County,"56,754",,,,,,,
90006,"56,628",Los Angeles,Los Angeles County,"56,628",,,,,,,
94109,"56,333",San Francisco,San Francisco County,"56,333",,,,,,,
91913,"56,102",Chula Vista,San Diego County,"56,102",,,,,,,
92646,"56,033",Huntington Beach,Orange County,"56,033",,,,,,,
91786,"56,025",Upland,San Bernardino County,"56,025",,,,,,,
92027,"55,750",Escondido,San Diego County,"55,750",,,,,,,
93436,"55,591",Lompoc,Santa Barbara County,"55,591",,,,,,,
91745,"55,489",Hacienda Heights,Los Angeles County,"55,489",,,,,,,
91405,"55,451",Van Nuys,Los Angeles County,"55,451",,,,,,,
95350,"55,368",Modesto,Stanislaus County,"55,368",,,,,,,
95648,"55,350",Lincoln,Placer County,"55,350",,,,,,,
91764,"55,311",Ontario,San Bernardino County,"55,311",,,,,,,
92399,"55,236",Yucaipa,San Bernardino County,"55,236",,,,,,,
93308,"55,150",Bakersfield,Kern County,"55,150",,,,,,,
90034,"55,061",Los Angeles,Los Angeles County,"55,061",,,,,,,
95376,"55,038",Tracy,San Joaquin County,"55,038",,,,,,,
92780,"54,945",Tustin,Orange County,"54,945",,,,,,,
92557,"54,936",Moreno Valley,Riverside County,"54,936",,,,,,,
92584,"54,663",Menifee,Riverside County,"54,663",,,,,,,
92117,"54,499",San Diego,San Diego County,"54,499",,,,,,,
93551,"54,478",Palmdale,Los Angeles County,"54,478",,,,,,,
91304,"54,369",Canoga Park,Los Angeles County,"54,369",,,,,,,
90744,"54,277",Wilmington,Los Angeles County,"54,277",,,,,,,
92056,"54,190",Oceanside,San Diego County,"54,190",,,,,,,
90066,"54,142",Los Angeles,Los Angeles County,"54,142",,,,,,,
93277,"54,127",Visalia,Tulare County,"54,127",,,,,,,
91344,"53,862",Granada Hills,Los Angeles County,"53,862",,,,,,,
92840,"53,826",Garden Grove,Orange County,"53,826",,,,,,,
90813,"53,647",Long Beach,Los Angeles County,"53,647",,,,,,,
94539,"53,464",Fremont,Alameda County,"53,464",,,,,,,
93117,"53,345",Goleta,Santa Barbara County,"53,345",,,,,,,
93215,"53,334",Delano,Kern County,"53,334",,,,,,,
95125,"53,333",San Jose,Santa Clara County,"53,333",,,,,,,
91801,"53,320",Alhambra,Los Angeles County,"53,320",,,,,,,
90723,"53,286",Paramount,Los Angeles County,"53,286",,,,,,,
93003,"53,283",Ventura,Ventura County,"53,283",,,,,,,
91406,"53,276",Van Nuys,Los Angeles County,"53,276",,,,,,,
95757,"53,232",Elk Grove,Sacramento County,"53,232",,,,,,,
92870,"53,150",Placentia,Orange County,"53,150",,,,,,,
92656,"53,143",Aliso Viejo,Orange County,"53,143",,,,,,,
90002,"53,108",Los Angeles,Los Angeles County,"53,108",,,,,,,
92026,"53,053",Escondido,San Diego County,"53,053",,,,,,,
92078,"53,019",San Marcos,San Diego County,"53,019",,,,,,,
95207,"52,877",Stockton,San Joaquin County,"52,877",,,,,,,
92833,"52,799",Fullerton,Orange County,"52,799",,,,,,,
92505,"52,696",Riverside,Riverside County,"52,696",,,,,,,
95122,"52,555",San Jose,Santa Clara County,"52,555",,,,,,,
92129,"52,495",San Diego,San Diego County,"52,495",,,,,,,
90047,"52,200",Los Angeles,Los Angeles County,"52,200",,,,,,,
90221,"52,119",Compton,Los Angeles County,"52,119",,,,,,,
94601,"52,102",Oakland,Alameda County,"52,102",,,,,,,
95616,"52,090",Davis,Yolo County,"52,090",,,,,,,
90063,"52,008",Los Angeles,Los Angeles County,"52,008",,,,,,,
92234,"51,964",Cathedral City,Riverside County,"51,964",,,,,,,
95037,"51,867",Morgan Hill,Santa Clara County,"51,867",,,,,,,
95124,"51,803",San Jose,Santa Clara County,"51,803",,,,,,,
93638,"51,724",Madera,Madera County,"51,724",,,,,,,
91605,"51,654",North Hollywood,Los Angeles County,"51,654",,,,,,,
92544,"51,567",Hemet,Riverside County,"51,567",,,,,,,
92028,"51,135",Fallbrook,San Diego County,"51,135",,,,,,,
92127,"51,107",San Diego,San Diego County,"51,107",,,,,,,
92113,"50,983",San Diego,San Diego County,"50,983",,,,,,,
93619,"50,848",Clovis,Fresno County,"50,848",,,,,,,
91767,"50,715",Pomona,Los Angeles County,"50,715",,,,,,,
93311,"50,535",Bakersfield,Kern County,"50,535",,,,,,,
92886,"50,437",Yorba Linda,Orange County,"50,437",,,,,,,
95116,"50,436",San Jose,Santa Clara County,"50,436",,,,,,,
90024,"50,392",Los Angeles,Los Angeles County,"50,392",,,,,,,
92025,"50,270",Escondido,San Diego County,"50,270",,,,,,,
95240,"50,245",Lodi,San Joaquin County,"50,245",,,,,,,
92024,"50,222",Encinitas,San Diego County,"50,222",,,,,,,
92626,"50,198",Costa Mesa,Orange County,"50,198",,,,,,,
90630,"50,170",Cypress,Orange County,"50,170",,,,,,,
93304,"50,158",Bakersfield,Kern County,"50,158",,,,,,,
92084,"49,971",Vista,San Diego County,"49,971",,,,,,,
90018,"49,898",Los Angeles,Los Angeles County,"49,898",,,,,,,
94550,"49,463",Livermore,Alameda County,"49,463",,,,,,,
92701,"49,462",Santa Ana,Orange County,"49,462",,,,,,,
91306,"49,460",Winnetka,Los Angeles County,"49,460",,,,,,,
90703,"49,334",Cerritos,Los Angeles County,"49,334",,,,,,,
92128,"49,273",San Diego,San Diego County,"49,273",,,,,,,
94086,"49,217",Sunnyvale,Santa Clara County,"49,217",,,,,,,
92243,"49,193",El Centro,Imperial County,"49,193",,,,,,,
95336,"49,145",Manteca,San Joaquin County,"49,145",,,,,,,
92879,"49,111",Corona,Riverside County,"49,111",,,,,,,
90220,"49,101",Compton,Los Angeles County,"49,101",,,,,,,
94553,"49,062",Martinez,Contra Costa County,"49,062",,,,,,,
92064,"48,783",Poway,San Diego County,"48,783",,,,,,,
95008,"48,746",Campbell,Santa Clara County,"48,746",,,,,,,
93720,"48,597",Fresno,Fresno County,"48,597",,,,,,,
92395,"48,479",Victorville,San Bernardino County,"48,479",,,,,,,
92410,"48,398",San Bernardino,San Bernardino County,"48,398",,,,,,,
92058,"48,272",Oceanside,San Diego County,"48,272",,,,,,,
90046,"48,170",Los Angeles,Los Angeles County,"48,170",,,,,,,
95351,"48,134",Modesto,Stanislaus County,"48,134",,,,,,,
92691,"48,073",Mission Viejo,Orange County,"48,073",,,,,,,
94303,"47,989",Palo Alto,Santa Clara County,"47,989",,,,,,,
95307,"47,978",Ceres,Stanislaus County,"47,978",,,,,,,
94577,"47,937",San Leandro,Alameda County,"47,937",,,,,,,
92111,"47,710",San Diego,San Diego County,"47,710",,,,,,,
93635,"47,683",Los Banos,Merced County,"47,683",,,,,,,
90247,"47,682",Gardena,Los Angeles County,"47,682",,,,,,,
93010,"47,656",Camarillo,Ventura County,"47,656",,,,,,,
90033,"47,655",Los Angeles,Los Angeles County,"47,655",,,,,,,
92843,"47,549",Garden Grove,Orange County,"47,549",,,,,,,
94560,"47,470",Newark,Alameda County,"47,470",,,,,,,
94582,"47,338",San Ramon,Contra Costa County,"47,338",,,,,,,
90016,"47,309",Los Angeles,Los Angeles County,"47,309",,,,,,,
95136,"47,294",San Jose,Santa Clara County,"47,294",,,,,,,
95843,"47,195",Antelope,Sacramento County,"47,195",,,,,,,
90057,"47,142",Los Angeles,Los Angeles County,"47,142",,,,,,,
90620,"47,042",Buena Park,Orange County,"47,042",,,,,,,
93036,"46,959",Oxnard,Ventura County,"46,959",,,,,,,
92705,"46,854",Santa Ana,Orange County,"46,854",,,,,,,
91387,"46,812",Canyon Country,Los Angeles County,"46,812",,,,,,,
95209,"46,756",Stockton,San Joaquin County,"46,756",,,,,,,
92069,"46,648",San Marcos,San Diego County,"46,648",,,,,,,
93611,"46,620",Clovis,Fresno County,"46,620",,,,,,,
92104,"46,613",San Diego,San Diego County,"46,613",,,,,,,
95060,"46,527",Santa Cruz,Santa Cruz County,"46,527",,,,,,,
95822,"46,413",Sacramento,Sacramento County,"46,413",,,,,,,
92009,"46,334",Carlsbad,San Diego County,"46,334",,,,,,,
94014,"46,331",Daly City,San Mateo County,"46,331",,,,,,,
94928,"46,231",Rohnert Park,Sonoma County,"46,231",,,,,,,
95610,"46,219",Citrus Heights,Sacramento County,"46,219",,,,,,,
90638,"46,170",La Mirada,Los Angeles County,"46,170",,,,,,,
92101,"46,025",San Diego,San Diego County,"46,025",,,,,,,
92122,"45,988",San Diego,San Diego County,"45,988",,,,,,,
92692,"45,977",Mission Viejo,Orange County,"45,977",,,,,,,
92019,"45,937",El Cajon,San Diego County,"45,937",,,,,,,
92040,"45,906",Lakeside,San Diego County,"45,906",,,,,,,
95762,"45,842",El Dorado Hills,El Dorado County,"45,842",,,,,,,
90027,"45,764",Los Angeles,Los Angeles County,"45,764",,,,,,,
94546,"45,761",Castro Valley,Alameda County,"45,761",,,,,,,
93446,"45,720",Paso Robles,San Luis Obispo County,"45,720",,,,,,,
95148,"45,688",San Jose,Santa Clara County,"45,688",,,,,,,
92648,"45,667",Huntington Beach,Orange County,"45,667",,,,,,,
91352,"45,601",Sun Valley,Los Angeles County,"45,601",,,,,,,
90241,"45,341",Downey,Los Angeles County,"45,341",,,,,,,
91765,"45,303",Diamond Bar,Los Angeles County,"45,303",,,,,,,
93702,"45,248",Fresno,Fresno County,"45,248",,,,,,,
92545,"45,219",Hemet,Riverside County,"45,219",,,,,,,
95678,"45,210",Roseville,Placer County,"45,210",,,,,,,
94566,"45,145",Pleasanton,Alameda County,"45,145",,,,,,,
92374,"44,976",Redlands,San Bernardino County,"44,976",,,,,,,
92555,"44,923",Moreno Valley,Riverside County,"44,923",,,,,,,
90065,"44,897",Los Angeles,Los Angeles County,"44,897",,,,,,,
90032,"44,881",Los Angeles,Los Angeles County,"44,881",,,,,,,
91367,"44,862",Woodland Hills,Los Angeles County,"44,862",,,,,,,
91790,"44,855",West Covina,Los Angeles County,"44,855",,,,,,,
93726,"44,790",Fresno,Fresno County,"44,790",,,,,,,
93292,"44,759",Visalia,Tulare County,"44,759",,,,,,,
95403,"44,677",Santa Rosa,Sonoma County,"44,677",,,,,,,
90023,"44,558",Los Angeles,Los Angeles County,"44,558",,,,,,,
94561,"44,546",Oakley,Contra Costa County,"44,546",,,,,,,
94605,"44,477",Oakland,Alameda County,"44,477",,,,,,,
90043,"44,461",Los Angeles,Los Angeles County,"44,461",,,,,,,
95831,"44,450",Sacramento,Sacramento County,"44,450",,,,,,,
92688,"44,444",Rancho Santa Margarita,Orange County,"44,444",,,,,,,
90025,"44,429",Los Angeles,Los Angeles County,"44,429",,,,,,,
94804,"44,387",Richmond,Contra Costa County,"44,387",,,,,,,
92506,"44,344",Riverside,Riverside County,"44,344",,,,,,,
92802,"44,316",Anaheim,Orange County,"44,316",,,,,,,
90503,"44,280",Torrance,Los Angeles County,"44,280",,,,,,,
95628,"44,256",Fair Oaks,Sacramento County,"44,256",,,,,,,
92867,"44,216",Orange,Orange County,"44,216",,,,,,,
95380,"44,204",Turlock,Stanislaus County,"44,204",,,,,,,
95337,"44,192",Manteca,San Joaquin County,"44,192",,,,,,,
93455,"44,186",Santa Maria,Santa Barbara County,"44,186",,,,,,,
91320,"44,138",Newbury Park,Ventura County,"44,138",,,,,,,
94531,"44,115",Antioch,Contra Costa County,"44,115",,,,,,,
92109,"44,009",San Diego,San Diego County,"44,009",,,,,,,
95991,"43,978",Yuba City,Sutter County,"43,978",,,,,,,
96003,"43,945",Redding,Shasta County,"43,945",,,,,,,
94116,"43,903",San Francisco,San Francisco County,"43,903",,,,,,,
94403,"43,858",San Mateo,San Mateo County,"43,858",,,,,,,
91748,"43,851",Rowland Heights,Los Angeles County,"43,851",,,,,,,
91606,"43,552",North Hollywood,Los Angeles County,"43,552",,,,,,,
94010,"43,458",Burlingame,San Mateo County,"43,458",,,,,,,
93552,"43,371",Palmdale,Los Angeles County,"43,371",,,,,,,
94066,"43,369",San Bruno,San Mateo County,"43,369",,,,,,,
94121,"43,304",San Francisco,San Francisco County,"43,304",,,,,,,
92308,"43,191",Apple Valley,San Bernardino County,"43,191",,,,,,,
95765,"43,059",Rocklin,Placer County,"43,059",,,,,,,
91350,"42,970",Santa Clarita,Los Angeles County,"42,970",,,,,,,
91733,"42,953",South El Monte,Los Angeles County,"42,953",,,,,,,
90815,"42,759",Long Beach,Los Angeles County,"42,759",,,,,,,
95210,"42,654",Stockton,San Joaquin County,"42,654",,,,,,,
90278,"42,536",Redondo Beach,Los Angeles County,"42,536",,,,,,,
90501,"42,536",Torrance,Los Angeles County,"42,536",,,,,,,
93534,"42,515",Lancaster,Los Angeles County,"42,515",,,,,,,
92236,"42,506",Coachella,Riverside County,"42,506",,,,,,,
91360,"42,444",Thousand Oaks,Ventura County,"42,444",,,,,,,
95926,"42,362",Chico,Butte County,"42,362",,,,,,,
94578,"42,350",San Leandro,Alameda County,"42,350",,,,,,,
95407,"42,138",Santa Rosa,Sonoma County,"42,138",,,,,,,
95621,"42,089",Citrus Heights,Sacramento County,"42,089",,,,,,,
90275,"41,941",Rancho Palos Verdes,Los Angeles County,"41,941",,,,,,,
91016,"41,822",Monrovia,Los Angeles County,"41,822",,,,,,,
90242,"41,685",Downey,Los Angeles County,"41,685",,,,,,,
95301,"41,660",Atwater,Merced County,"41,660",,,,,,,
92821,"41,604",Brea,Orange County,"41,604",,,,,,,
93706,"41,523",Fresno,Fresno County,"41,523",,,,,,,
90605,"41,427",Whittier,Los Angeles County,"41,427",,,,,,,
94534,"41,395",Fairfield,Solano County,"41,395",,,,,,,
91789,"41,377",Walnut,Los Angeles County,"41,377",,,,,,,
93637,"41,324",Madera,Madera County,"41,324",,,,,,,
91739,"41,319",Rancho Cucamonga,San Bernardino County,"41,319",,,,,,,
95838,"41,311",Sacramento,Sacramento County,"41,311",,,,,,,
90045,"41,123",Los Angeles,Los Angeles County,"41,123",,,,,,,
93454,"41,110",Santa Maria,Santa Barbara County,"41,110",,,,,,,
94521,"41,092",Concord,Contra Costa County,"41,092",,,,,,,
92591,"41,047",Temecula,Riverside County,"41,047",,,,,,,
94025,"41,017",Menlo Park,San Mateo County,"41,017",,,,,,,
90007,"41,004",Los Angeles,Los Angeles County,"41,004",,,,,,,
91942,"40,995",La Mesa,San Diego County,"40,995",,,,,,,
95132,"40,981",San Jose,Santa Clara County,"40,981",,,,,,,
95835,"40,957",Sacramento,Sacramento County,"40,957",,,,,,,
92806,"40,945",Anaheim,Orange County,"40,945",,,,,,,
94901,"40,927",San Rafael,Marin County,"40,927",,,,,,,
95833,"40,908",Sacramento,Sacramento County,"40,908",,,,,,,
92240,"40,755",Desert Hot Springs,Riverside County,"40,755",,,,,,,
94134,"40,738",San Francisco,San Francisco County,"40,738",,,,,,,
90806,"40,688",Long Beach,Los Angeles County,"40,688",,,,,,,
92307,"40,534",Apple Valley,San Bernardino County,"40,534",,,,,,,
95826,"40,205",Sacramento,Sacramento County,"40,205",,,,,,,
91311,"40,196",Chatsworth,Los Angeles County,"40,196",,,,,,,
95688,"40,147",Vacaville,Solano County,"40,147",,,,,,,
95205,"40,128",Stockton,San Joaquin County,"40,128",,,,,,,
94118,"40,108",San Francisco,San Francisco County,"40,108",,,,,,,
92102,"40,051",San Diego,San Diego County,"40,051",,,,,,,
94551,"40,025",Livermore,Alameda County,"40,025",,,,,,,
90802,"40,012",Long Beach,Los Angeles County,"40,012",,,,,,,
93711,"39,963",Fresno,Fresno County,"39,963",,,,,,,
95691,"39,961",West Sacramento,Yolo County,"39,961",,,,,,,
92394,"39,939",Victorville,San Bernardino County,"39,939",,,,,,,
95050,"39,905",Santa Clara,Santa Clara County,"39,905",,,,,,,
95695,"39,892",Woodland,Yolo County,"39,892",,,,,,,
95129,"39,797",San Jose,Santa Clara County,"39,797",,,,,,,
90604,"39,795",Whittier,Los Angeles County,"39,795",,,,,,,
94611,"39,780",Oakland,Alameda County,"39,780",,,,,,,
94583,"39,758",San Ramon,Contra Costa County,"39,758",,,,,,,
90808,"39,698",Long Beach,Los Angeles County,"39,698",,,,,,,
94117,"39,496",San Francisco,San Francisco County,"39,496",,,,,,,
90059,"39,471",Los Angeles,Los Angeles County,"39,471",,,,,,,
91701,"39,323",Rancho Cucamonga,San Bernardino County,"39,323",,,,,,,
91401,"39,179",Van Nuys,Los Angeles County,"39,179",,,,,,,
93705,"38,777",Fresno,Fresno County,"38,777",,,,,,,
95382,"38,727",Turlock,Stanislaus County,"38,727",,,,,,,
92231,"38,674",Calexico,Imperial County,"38,674",,,,,,,
92301,"38,565",Adelanto,San Bernardino County,"38,565",,,,,,,
94606,"38,459",Oakland,Alameda County,"38,459",,,,,,,
90012,"38,430",Los Angeles,Los Angeles County,"38,430",,,,,,,
95928,"38,412",Chico,Butte County,"38,412",,,,,,,
92543,"38,403",Hemet,Riverside County,"38,403",,,,,,,
90020,"38,400",Los Angeles,Los Angeles County,"38,400",,,,,,,
95973,"38,323",Chico,Butte County,"38,323",,,,,,,
94954,"38,201",Petaluma,Sonoma County,"38,201",,,,,,,
94044,"38,061",Pacifica,San Mateo County,"38,061",,,,,,,
92672,"38,020",San Clemente,San Diego County,"38,020",,,,,,,
95120,"38,003",San Jose,Santa Clara County,"38,003",,,,,,,
94590,"37,991",Vallejo,Solano County,"37,991",,,,,,,
93021,"37,980",Moorpark,Ventura County,"37,980",,,,,,,
92253,"37,898",La Quinta,Riverside County,"37,898",,,,,,,
92083,"37,864",Vista,San Diego County,"37,864",,,,,,,
90005,"37,754",Los Angeles,Los Angeles County,"37,754",,,,,,,
90036,"37,713",Los Angeles,Los Angeles County,"37,713",,,,,,,
91763,"37,698",Montclair,San Bernardino County,"37,698",,,,,,,
94555,"37,671",Fremont,Alameda County,"37,671",,,,,,,
92037,"37,665",La Jolla,San Diego County,"37,665",,,,,,,
91711,"37,542",Claremont,Los Angeles County,"37,542",,,,,,,
94061,"37,539",Redwood City,San Mateo County,"37,539",,,,,,,
90031,"37,457",Los Angeles,Los Angeles County,"37,457",,,,,,,
93245,"37,439",Lemoore,Kings County,"37,439",,,,,,,
95404,"37,437",Santa Rosa,Sonoma County,"37,437",,,,,,,
95821,"37,436",Sacramento,Sacramento County,"37,436",,,,,,,
94124,"37,347",San Francisco,San Francisco County,"37,347",,,,,,,
90301,"37,341",Inglewood,Los Angeles County,"37,341",,,,,,,
91776,"37,340",San Gabriel,Los Angeles County,"37,340",,,,,,,
95825,"37,310",Sacramento,Sacramento County,"37,310",,,,,,,
90804,"37,299",Long Beach,Los Angeles County,"37,299",,,,,,,
92337,"37,292",Fontana,San Bernardino County,"37,292",,,,,,,
95993,"37,222",Yuba City,Sutter County,"37,222",,,,,,,
92883,"37,211",Corona,Riverside County,"37,211",,,,,,,
91752,"37,173",Mira Loma,Riverside County,"37,173",,,,,,,
93612,"37,138",Clovis,Fresno County,"37,138",,,,,,,
92054,"37,050",Oceanside,San Diego County,"37,050",,,,,,,
94603,"37,042",Oakland,Alameda County,"37,042",,,,,,,
95126,"36,996",San Jose,Santa Clara County,"36,996",,,,,,,
95401,"36,905",Santa Rosa,Sonoma County,"36,905",,,,,,,
92065,"36,836",Ramona,San Diego County,"36,836",,,,,,,
95340,"36,833",Merced,Merced County,"36,833",,,,,,,
93305,"36,783",Bakersfield,Kern County,"36,783",,,,,,,
91362,"36,770",Thousand Oaks,Ventura County,"36,770",,,,,,,
94520,"36,699",Concord,Contra Costa County,"36,699",,,,,,,
95121,"36,657",San Jose,Santa Clara County,"36,657",,,,,,,
92706,"36,548",Santa Ana,Orange County,"36,548",,,,,,,
91326,"36,503",Porter Ranch,Los Angeles County,"36,503",,,,,,,
92508,"36,500",Riverside,Riverside County,"36,500",,,,,,,
92831,"36,470",Fullerton,Orange County,"36,470",,,,,,,
92869,"36,429",Orange,Orange County,"36,429",,,,,,,
91001,"36,420",Altadena,Los Angeles County,"36,420",,,,,,,
94404,"36,397",San Mateo,San Mateo County,"36,397",,,,,,,
95476,"36,386",Sonoma,Sonoma County,"36,386",,,,,,,
95062,"36,369",Santa Cruz,Santa Cruz County,"36,369",,,,,,,
90277,"36,339",Redondo Beach,Los Angeles County,"36,339",,,,,,,
92551,"36,326",Moreno Valley,Riverside County,"36,326",,,,,,,
90810,"36,306",Long Beach,Los Angeles County,"36,306",,,,,,,
90505,"36,214",Torrance,Los Angeles County,"36,214",,,,,,,
90621,"36,151",Buena Park,Orange County,"36,151",,,,,,,
93012,"36,145",Camarillo,Ventura County,"36,145",,,,,,,
95901,"36,119",Marysville,Yuba County,"36,119",,,,,,,
92807,"36,117",Anaheim,Orange County,"36,117",,,,,,,
95667,"36,084",Placerville,El Dorado County,"36,084",,,,,,,
93657,"36,053",Sanger,Fresno County,"36,053",,,,,,,
95820,"36,024",Sacramento,Sacramento County,"36,024",,,,,,,
92660,"35,926",Newport Beach,Orange County,"35,926",,,,,,,
91104,"35,918",Pasadena,Los Angeles County,"35,918",,,,,,,
95348,"35,853",Merced,Merced County,"35,853",,,,,,,
90049,"35,819",Los Angeles,Los Angeles County,"35,819",,,,,,,
91205,"35,755",Glendale,Los Angeles County,"35,755",,,,,,,
92596,"35,726",Winchester,Riverside County,"35,726",,,,,,,
94040,"35,667",Mountain View,Santa Clara County,"35,667",,,,,,,
91601,"35,615",North Hollywood,Los Angeles County,"35,615",,,,,,,
91915,"35,608",Chula Vista,San Diego County,"35,608",,,,,,,
91780,"35,556",Temple City,Los Angeles County,"35,556",,,,,,,
91325,"35,537",Northridge,Los Angeles County,"35,537",,,,,,,
95660,"35,458",North Highlands,Sacramento County,"35,458",,,,,,,
91768,"35,443",Pomona,Los Angeles County,"35,443",,,,,,,
94401,"35,392",San Mateo,San Mateo County,"35,392",,,,,,,
92131,"35,227",San Diego,San Diego County,"35,227",,,,,,,
92649,"35,206",Huntington Beach,Orange County,"35,206",,,,,,,
94588,"35,162",Pleasanton,Alameda County,"35,162",,,,,,,
90266,"35,123",Manhattan Beach,Los Angeles County,"35,123",,,,,,,
95361,"35,107",Oakdale,Stanislaus County,"35,107",,,,,,,
92675,"35,099",San Juan Capistrano,Orange County,"35,099",,,,,,,
92694,"35,074",Ladera Ranch,Orange County,"35,074",,,,,,,
95377,"35,001",Tracy,San Joaquin County,"35,001",,,,,,,
94523,"34,964",Pleasant Hill,Contra Costa County,"34,964",,,,,,,
92139,"34,930",San Diego,San Diego County,"34,930",,,,,,,
94621,"34,911",Oakland,Alameda County,"34,911",,,,,,,
95834,"34,892",Sacramento,Sacramento County,"34,892",,,,,,,
92612,"34,868",Irvine,Orange County,"34,868",,,,,,,
91340,"34,822",San Fernando,Los Angeles County,"34,822",,,,,,,
94063,"34,807",Redwood City,San Mateo County,"34,807",,,,,,,
95842,"34,775",Sacramento,Sacramento County,"34,775",,,,,,,
96001,"34,721",Redding,Shasta County,"34,721",,,,,,,
92595,"34,698",Wildomar,Riverside County,"34,698",,,,,,,
90029,"34,649",Los Angeles,Los Angeles County,"34,649",,,,,,,
96002,"34,634",Redding,Shasta County,"34,634",,,,,,,
95341,"34,541",Merced,Merced County,"34,541",,,,,,,
91722,"34,470",Covina,Los Angeles County,"34,470",,,,,,,
93060,"34,337",Santa Paula,Ventura County,"34,337",,,,,,,
91321,"34,305",Newhall,Los Angeles County,"34,305",,,,,,,
92103,"34,296",San Diego,San Diego County,"34,296",,,,,,,
92311,"34,226",Barstow,San Bernardino County,"34,226",,,,,,,
92841,"34,188",Garden Grove,Orange County,"34,188",,,,,,,
95482,"34,183",Ukiah,Mendocino County,"34,183",,,,,,,
93314,"34,156",Bakersfield,Kern County,"34,156",,,,,,,
94608,"34,083",Emeryville,Alameda County,"34,083",,,,,,,
94102,"34,077",San Francisco,San Francisco County,"34,077",,,,,,,
91773,"34,066",San Dimas,Los Angeles County,"34,066",,,,,,,
92373,"33,946",Redlands,San Bernardino County,"33,946",,,,,,,
91754,"33,937",Monterey Park,Los Angeles County,"33,937",,,,,,,
91791,"33,902",West Covina,Los Angeles County,"33,902",,,,,,,
94114,"33,858",San Francisco,San Francisco County,"33,858",,,,,,,
92583,"33,781",San Jacinto,Riverside County,"33,781",,,,,,,
93422,"33,781",Atascadero,San Luis Obispo County,"33,781",,,,,,,
94545,"33,700",Hayward,Alameda County,"33,700",,,,,,,
95128,"33,653",San Jose,Santa Clara County,"33,653",,,,,,,
91941,"33,602",La Mesa,San Diego County,"33,602",,,,,,,
92203,"33,558",Indio,Riverside County,"33,558",,,,,,,
90062,"33,528",Los Angeles,Los Angeles County,"33,528",,,,,,,
94952,"33,519",Petaluma,Marin County,"33,519",,,,,,,
93555,"33,490",Ridgecrest,Kern County,"33,490",,,,,,,
91750,"33,436",La Verne,Los Angeles County,"33,436",,,,,,,
94526,"33,396",Danville,Contra Costa County,"33,396",,,,,,,
91007,"33,367",Arcadia,Los Angeles County,"33,367",,,,,,,
94115,"33,299",San Francisco,San Francisco County,"33,299",,,,,,,
90260,"33,282",Lawndale,Los Angeles County,"33,282",,,,,,,
90807,"33,153",Long Beach,Los Angeles County,"33,153",,,,,,,
90008,"33,076",Los Angeles,Los Angeles County,"33,076",,,,,,,
91354,"33,039",Valencia,Los Angeles County,"33,039",,,,,,,
95356,"33,033",Modesto,Stanislaus County,"33,033",,,,,,,
90222,"33,021",Compton,Los Angeles County,"33,021",,,,,,,
90504,"32,965",Torrance,Los Angeles County,"32,965",,,,,,,
92123,"32,951",San Diego,San Diego County,"32,951",,,,,,,
95118,"32,827",San Jose,Santa Clara County,"32,827",,,,,,,
95661,"32,827",Roseville,Placer County,"32,827",,,,,,,
92220,"32,797",Banning,Riverside County,"32,797",,,,,,,
94801,"32,759",Richmond,Contra Costa County,"32,759",,,,,,,
93710,"32,730",Fresno,Fresno County,"32,730",,,,,,,
91351,"32,677",Canyon Country,Los Angeles County,"32,677",,,,,,,
94043,"32,670",Mountain View,Santa Clara County,"32,670",,,,,,,
95961,"32,663",Olivehurst,Yuba County,"32,663",,,,,,,
93955,"32,610",Seaside,Monterey County,"32,610",,,,,,,
93703,"32,603",Fresno,Fresno County,"32,603",,,,,,,
91107,"32,581",Pasadena,Los Angeles County,"32,581",,,,,,,
95662,"32,436",Orangevale,Sacramento County,"32,436",,,,,,,
94610,"32,404",Oakland,Alameda County,"32,404",,,,,,,
94103,"32,400",San Francisco,San Francisco County,"32,400",,,,,,,
91214,"32,344",La Crescenta,Los Angeles County,"32,344",,,,,,,
93618,"32,334",Dinuba,Tulare County,"32,334",,,,,,,
91206,"32,294",Glendale,Los Angeles County,"32,294",,,,,,,
94941,"32,190",Mill Valley,Marin County,"32,190",,,,,,,
91505,"32,156",Burbank,Los Angeles County,"32,156",,,,,,,
93420,"32,126",Arroyo Grande,San Luis Obispo County,"32,126",,,,,,,
91604,"32,073",Studio City,Los Angeles County,"32,073",,,,,,,
90230,"32,005",Culver City,Los Angeles County,"32,005",,,,,,,
91006,"31,986",Arcadia,Los Angeles County,"31,986",,,,,,,
92116,"31,836",San Diego,San Diego County,"31,836",,,,,,,
91423,"31,787",Sherman Oaks,Los Angeles County,"31,787",,,,,,,
93001,"31,751",Ventura,Ventura County,"31,751",,,,,,,
90606,"31,717",Whittier,Los Angeles County,"31,717",,,,,,,
95070,"31,688",Saratoga,Santa Clara County,"31,688",,,,,,,
90803,"31,659",Long Beach,Los Angeles County,"31,659",,,,,,,
94903,"31,582",San Rafael,Marin County,"31,582",,,,,,,
90712,"31,552",Lakewood,Los Angeles County,"31,552",,,,,,,
92405,"31,550",San Bernardino,San Bernardino County,"31,550",,,,,,,
93940,"31,513",Monterey,Monterey County,"31,513",,,,,,,
92881,"31,401",Corona,Riverside County,"31,401",,,,,,,
95131,"31,335",San Jose,Santa Clara County,"31,335",,,,,,,
94070,"31,312",San Carlos,San Mateo County,"31,312",,,,,,,
95829,"31,297",Sacramento,Sacramento County,"31,297",,,,,,,
95358,"31,268",Modesto,Stanislaus County,"31,268",,,,,,,
95632,"31,217",Galt,Sacramento County,"31,217",,,,,,,
91792,"31,208",West Covina,Los Angeles County,"31,208",,,,,,,
96080,"31,190",Red Bluff,Tehama County,"31,190",,,,,,,
93004,"31,151",Ventura,Ventura County,"31,151",,,,,,,
92124,"31,121",San Diego,San Diego County,"31,121",,,,,,,
94602,"31,104",Oakland,Alameda County,"31,104",,,,,,,
90680,"31,102",Stanton,Orange County,"31,102",,,,,,,
93561,"31,060",Tehachapi,Kern County,"31,060",,,,,,,
92260,"31,039",Palm Desert,Riverside County,"31,039",,,,,,,
90028,"30,982",Los Angeles,Los Angeles County,"30,982",,,,,,,
92679,"30,971",Trabuco Canyon,Orange County,"30,971",,,,,,,
95134,"30,916",San Jose,Santa Clara County,"30,916",,,,,,,
92110,"30,773",San Diego,San Diego County,"30,773",,,,,,,
91607,"30,734",Valley Village,Los Angeles County,"30,734",,,,,,,
90601,"30,667",Whittier,Los Angeles County,"30,667",,,,,,,
92316,"30,656",Bloomington,San Bernardino County,"30,656",,,,,,,
92673,"30,633",San Clemente,Orange County,"30,633",,,,,,,
91303,"30,611",Canoga Park,Los Angeles County,"30,611",,,,,,,
91356,"30,599",Tarzana,Los Angeles County,"30,599",,,,,,,
95824,"30,556",Sacramento,Sacramento County,"30,556",,,,,,,
93654,"30,476",Reedley,Fresno County,"30,476",,,,,,,
95204,"30,406",Stockton,San Joaquin County,"30,406",,,,,,,
94107,"30,340",San Francisco,San Francisco County,"30,340",,,,,,,
91355,"30,289",Valencia,Los Angeles County,"30,289",,,,,,,
92120,"30,241",San Diego,San Diego County,"30,241",,,,,,,
93662,"30,191",Selma,Fresno County,"30,191",,,,,,,
95219,"30,165",Stockton,San Joaquin County,"30,165",,,,,,,
95966,"30,108",Oroville,Butte County,"30,108",,,,,,,
95330,"30,051",Lathrop,San Joaquin County,"30,051",,,,,,,
94589,"29,959",Vallejo,Solano County,"29,959",,,,,,,
92653,"29,923",Laguna Hills,Orange County,"29,923",,,,,,,
93101,"29,870",Santa Barbara,Santa Barbara County,"29,870",,,,,,,
92782,"29,838",Tustin,Orange County,"29,838",,,,,,,
95363,"29,784",Patterson,Stanislaus County,"29,784",,,,,,,
95682,"29,750",Shingle Springs,El Dorado County,"29,750",,,,,,,
91324,"29,744",Northridge,Los Angeles County,"29,744",,,,,,,
92614,"29,544",Irvine,Orange County,"29,544",,,,,,,
93704,"29,502",Fresno,Fresno County,"29,502",,,,,,,
93901,"29,498",Salinas,Monterey County,"29,498",,,,,,,
92081,"29,475",Vista,San Diego County,"29,475",,,,,,,
96150,"29,457",South Lake Tahoe,El Dorado County,"29,457",,,,,,,
92107,"29,435",San Diego,San Diego County,"29,435",,,,,,,
91746,"29,429",La Puente,Los Angeles County,"29,429",,,,,,,
94585,"29,401",Suisun City,Solano County,"29,401",,,,,,,
94580,"29,377",San Lorenzo,Alameda County,"29,377",,,,,,,
90302,"29,307",Inglewood,Los Angeles County,"29,307",,,,,,,
92604,"29,080",Irvine,Orange County,"29,080",,,,,,,
91803,"29,006",Alhambra,Los Angeles County,"29,006",,,,,,,
93401,"28,773",San Luis Obispo,San Luis Obispo County,"28,773",,,,,,,
91364,"28,765",Woodland Hills,Los Angeles County,"28,765",,,,,,,
90017,"28,754",Los Angeles,Los Angeles County,"28,754",,,,,,,
95133,"28,749",San Jose,Santa Clara County,"28,749",,,,,,,
94131,"28,705",San Francisco,San Francisco County,"28,705",,,,,,,
95117,"28,663",San Jose,Santa Clara County,"28,663",,,,,,,
90061,"28,646",Los Angeles,Los Angeles County,"28,646",,,,,,,
92173,"28,609",San Ysidro,San Diego County,"28,609",,,,,,,
95677,"28,591",Rocklin,Placer County,"28,591",,,,,,,
91724,"28,575",Covina,Los Angeles County,"28,575",,,,,,,
95370,"28,548",Sonora,Tuolumne County,"28,548",,,,,,,
91316,"28,497",Encino,Los Angeles County,"28,497",,,,,,,
94549,"28,456",Lafayette,Contra Costa County,"28,456",,,,,,,
95472,"28,443",Sebastopol,Sonoma County,"28,443",,,,,,,
90713,"28,439",Lakewood,Los Angeles County,"28,439",,,,,,,
95603,"28,366",Auburn,Placer County,"28,366",,,,,,,
90041,"28,321",Los Angeles,Los Angeles County,"28,321",,,,,,,
94518,"28,287",Concord,Contra Costa County,"28,287",,,,,,,
90039,"28,244",Los Angeles,Los Angeles County,"28,244",,,,,,,
94559,"28,224",Napa,Napa County,"28,224",,,,,,,
91731,"28,201",El Monte,Los Angeles County,"28,201",,,,,,,
95492,"28,096",Windsor,Sonoma County,"28,096",,,,,,,
90038,"27,979",Los Angeles,Los Angeles County,"27,979",,,,,,,
94002,"27,893",Belmont,San Mateo County,"27,893",,,,,,,
95212,"27,848",Stockton,San Joaquin County,"27,848",,,,,,,
94306,"27,785",Palo Alto,Santa Clara County,"27,785",,,,,,,
95032,"27,678",Los Gatos,Santa Clara County,"27,678",,,,,,,
91384,"27,652",Castaic,Los Angeles County,"27,652",,,,,,,
90746,"27,643",Carson,Los Angeles County,"27,643",,,,,,,
94132,"27,641",San Francisco,San Francisco County,"27,641",,,,,,,
91945,"27,541",Lemon Grove,San Diego County,"27,541",,,,,,,
92227,"27,540",Brawley,Imperial County,"27,540",,,,,,,
90710,"27,517",Harbor City,Los Angeles County,"27,517",,,,,,,
91504,"27,479",Burbank,Los Angeles County,"27,479",,,,,,,
92532,"27,454",Lake Elsinore,Riverside County,"27,454",,,,,,,
95242,"27,433",Lodi,San Joaquin County,"27,433",,,,,,,
95945,"27,388",Grass Valley,Nevada County,"27,388",,,,,,,
92008,"27,373",Carlsbad,San Diego County,"27,373",,,,,,,
92277,"27,370",Twentynine Palms,San Bernardino County,"27,370",,,,,,,
93280,"27,356",Wasco,Kern County,"27,356",,,,,,,
92868,"27,280",Orange,Orange County,"27,280",,,,,,,
94510,"27,223",Benicia,Solano County,"27,223",,,,,,,
93933,"27,197",Marina,Monterey County,"27,197",,,,,,,
94803,"27,171",El Sobrante,Contra Costa County,"27,171",,,,,,,
91103,"27,167",Pasadena,Los Angeles County,"27,167",,,,,,,
91740,"27,131",Glendora,Los Angeles County,"27,131",,,,,,,
91042,"27,119",Tujunga,Los Angeles County,"27,119",,,,,,,
92585,"27,083",Menifee,Riverside County,"27,083",,,,,,,
92251,"27,050",Imperial,Imperial County,"27,050",,,,,,,
94607,"27,019",Oakland,Alameda County,"27,019",,,,,,,
94619,"27,018",Oakland,Alameda County,"27,018",,,,,,,
90405,"26,981",Santa Monica,Los Angeles County,"26,981",,,,,,,
94506,"26,947",Danville,Contra Costa County,"26,947",,,,,,,
95618,"26,946",Davis,Yolo County,"26,946",,,,,,,
92411,"26,915",San Bernardino,San Bernardino County,"26,915",,,,,,,
91010,"26,825",Duarte,Los Angeles County,"26,825",,,,,,,
92211,"26,741",Palm Desert,Riverside County,"26,741",,,,,,,
92835,"26,687",Fullerton,Orange County,"26,687",,,,,,,
92602,"26,663",Irvine,Orange County,"26,663",,,,,,,
90035,"26,595",Los Angeles,Los Angeles County,"26,595",,,,,,,
91030,"26,583",South Pasadena,Los Angeles County,"26,583",,,,,,,
93725,"26,568",Fresno,Fresno County,"26,568",,,,,,,
94062,"26,531",Redwood City,San Mateo County,"26,531",,,,,,,
95815,"26,523",Sacramento,Sacramento County,"26,523",,,,,,,
94530,"26,483",El Cerrito,Contra Costa County,"26,483",,,,,,,
93105,"26,482",Santa Barbara,Santa Barbara County,"26,482",,,,,,,
91755,"26,418",Monterey Park,Los Angeles County,"26,418",,,,,,,
95776,"26,352",Woodland,Yolo County,"26,352",,,,,,,
94598,"26,346",Walnut Creek,Contra Costa County,"26,346",,,,,,,
91302,"26,318",Calabasas,Los Angeles County,"26,318",,,,,,,
93035,"26,286",Oxnard,Ventura County,"26,286",,,,,,,
95409,"26,158",Santa Rosa,Sonoma County,"26,158",,,,,,,
91932,"26,157",Imperial Beach,San Diego County,"26,157",,,,,,,
94402,"26,150",San Mateo,San Mateo County,"26,150",,,,,,,
92629,"26,144",Dana Point,Orange County,"26,144",,,,,,,
91784,"26,116",Upland,San Bernardino County,"26,116",,,,,,,
91741,"26,052",Glendora,Los Angeles County,"26,052",,,,,,,
94547,"26,041",Hercules,Contra Costa County,"26,041",,,,,,,
92832,"26,040",Fullerton,Orange County,"26,040",,,,,,,
93960,"26,037",Soledad,Monterey County,"26,037",,,,,,,
90240,"26,026",Downey,Los Angeles County,"26,026",,,,,,,
90064,"25,956",Los Angeles,Los Angeles County,"25,956",,,,,,,
90602,"25,949",Whittier,Los Angeles County,"25,949",,,,,,,
90249,"25,929",Gardena,Los Angeles County,"25,929",,,,,,,
91403,"25,887",Sherman Oaks,Los Angeles County,"25,887",,,,,,,
92262,"25,856",Palm Springs,Riverside County,"25,856",,,,,,,
92284,"25,741",Yucca Valley,San Bernardino County,"25,741",,,,,,,
95864,"25,728",Sacramento,Sacramento County,"25,728",,,,,,,
90304,"25,725",Inglewood,Los Angeles County,"25,725",,,,,,,
94704,"25,711",Berkeley,Alameda County,"25,711",,,,,,,
90291,"25,656",Venice,Los Angeles County,"25,656",,,,,,,
95215,"25,647",Stockton,San Joaquin County,"25,647",,,,,,,
90015,"25,554",Los Angeles,Los Angeles County,"25,554",,,,,,,
94133,"25,460",San Francisco,San Francisco County,"25,460",,,,,,,
91307,"25,368",West Hills,Los Angeles County,"25,368",,,,,,,
92860,"25,367",Norco,Riverside County,"25,367",,,,,,,
91301,"25,244",Agoura Hills,Los Angeles County,"25,244",,,,,,,
94947,"25,183",Novato,Marin County,"25,183",,,,,,,
94609,"25,175",Oakland,Alameda County,"25,175",,,,,,,
95367,"25,162",Riverbank,Stanislaus County,"25,162",,,,,,,
93907,"25,124",Salinas,Monterey County,"25,124",,,,,,,
95354,"25,100",Modesto,Stanislaus County,"25,100",,,,,,,
93405,"24,991",San Luis Obispo,San Luis Obispo County,"24,991",,,,,,,
95003,"24,977",Aptos,Santa Cruz County,"24,977",,,,,,,
90270,"24,950",Maywood,Los Angeles County,"24,950",,,,,,,
90274,"24,942",Palos Verdes Peninsula,Los Angeles County,"24,942",,,,,,,
96007,"24,849",Anderson,Shasta County,"24,849",,,,,,,
94123,"24,721",San Francisco,San Francisco County,"24,721",,,,,,,
90740,"24,604",Seal Beach,Orange County,"24,604",,,,,,,
90292,"24,481",Marina Del Rey,Los Angeles County,"24,481",,,,,,,
92011,"24,472",Carlsbad,San Diego County,"24,472",,,,,,,
95054,"24,444",Santa Clara,Santa Clara County,"24,444",,,,,,,
92606,"24,431",Irvine,Orange County,"24,431",,,,,,,
92119,"24,419",San Diego,San Diego County,"24,419",,,,,,,
92108,"24,201",San Diego,San Diego County,"24,201",,,,,,,
91775,"24,169",San Gabriel,Los Angeles County,"24,169",,,,,,,
90403,"24,092",Santa Monica,Los Angeles County,"24,092",,,,,,,
95503,"24,072",Eureka,Humboldt County,"24,072",,,,,,,
94024,"24,041",Los Altos,Santa Clara County,"24,041",,,,,,,
92651,"23,981",Laguna Beach,Orange County,"23,981",,,,,,,
90404,"23,975",Santa Monica,Los Angeles County,"23,975",,,,,,,
91106,"23,813",Pasadena,Los Angeles County,"23,813",,,,,,,
93610,"23,795",Chowchilla,Madera County,"23,795",,,,,,,
94596,"23,795",Walnut Creek,Contra Costa County,"23,795",,,,,,,
95405,"23,748",Santa Rosa,Sonoma County,"23,748",,,,,,,
95501,"23,706",Eureka,Humboldt County,"23,706",,,,,,,
95391,"23,696",Tracy,Alameda County,"23,696",,,,,,,
91411,"23,689",Van Nuys,Los Angeles County,"23,689",,,,,,,
90720,"23,673",Los Alamitos,Orange County,"23,673",,,,,,,
94597,"23,654",Walnut Creek,Contra Costa County,"23,654",,,,,,,
94089,"23,447",Sunnyvale,Santa Clara County,"23,447",,,,,,,
93212,"23,391",Corcoran,Kings County,"23,391",,,,,,,
90303,"23,370",Inglewood,Los Angeles County,"23,370",,,,,,,
91737,"23,108",Rancho Cucamonga,San Bernardino County,"23,108",,,,,,,
93041,"23,108",Port Hueneme,Ventura County,"23,108",,,,,,,
95818,"23,062",Sacramento,Sacramento County,"23,062",,,,,,,
92354,"23,054",Loma Linda,San Bernardino County,"23,054",,,,,,,
95531,"23,029",Crescent City,Del Norte County,"23,029",,,,,,,
94085,"22,996",Sunnyvale,Santa Clara County,"22,996",,,,,,,
93263,"22,952",Shafter,Kern County,"22,952",,,,,,,
91202,"22,831",Glendale,Los Angeles County,"22,831",,,,,,,
94030,"22,825",Millbrae,San Mateo County,"22,825",,,,,,,
95746,"22,743",Granite Bay,Placer County,"22,743",,,,,,,
92844,"22,622",Garden Grove,Orange County,"22,622",,,,,,,
91201,"22,163",Glendale,Los Angeles County,"22,163",,,,,,,
92501,"22,136",Riverside,Riverside County,"22,136",,,,,,,
93444,"22,079",Nipomo,San Luis Obispo County,"22,079",,,,,,,
90732,"22,078",San Pedro,Los Angeles County,"22,078",,,,,,,
95620,"22,004",Dixon,Solano County,"22,004",,,,,,,
92582,"21,961",San Jacinto,Riverside County,"21,961",,,,,,,
92663,"21,886",Newport Beach,Orange County,"21,886",,,,,,,
94503,"21,791",American Canyon,Napa County,"21,791",,,,,,,
90717,"21,788",Lomita,Los Angeles County,"21,788",,,,,,,
95521,"21,712",Arcata,Humboldt County,"21,712",,,,,,,
95841,"21,542",Sacramento,Sacramento County,"21,542",,,,,,,
96130,"21,460",Susanville,Lassen County,"21,460",,,,,,,
95135,"21,402",San Jose,Santa Clara County,"21,402",,,,,,,
93560,"21,300",Rosamond,Kern County,"21,300",,,,,,,
90272,"21,298",Pacific Palisades,Los Angeles County,"21,298",,,,,,,
93023,"21,279",Ojai,Ventura County,"21,279",,,,,,,
92371,"21,265",Phelan,San Bernardino County,"21,265",,,,,,,
95949,"21,232",Grass Valley,Nevada County,"21,232",,,,,,,
92225,"21,189",Blythe,Riverside County,"21,189",,,,,,,
94127,"21,184",San Francisco,San Francisco County,"21,184",,,,,,,
92865,"21,140",Orange,Orange County,"21,140",,,,,,,
95827,"21,084",Sacramento,Sacramento County,"21,084",,,,,,,
92808,"21,080",Anaheim,Orange County,"21,080",,,,,,,
90068,"21,064",Los Angeles,Los Angeles County,"21,064",,,,,,,
90715,"20,949",Lakewood,Los Angeles County,"20,949",,,,,,,
92377,"20,935",Rialto,San Bernardino County,"20,935",,,,,,,
91040,"20,911",Sunland,Los Angeles County,"20,911",,,,,,,
90603,"20,883",Whittier,Los Angeles County,"20,883",,,,,,,
91381,"20,864",Stevenson Ranch,Los Angeles County,"20,864",,,,,,,
94706,"20,860",Albany,Alameda County,"20,860",,,,,,,
95965,"20,835",Oroville,Butte County,"20,835",,,,,,,
93203,"20,781",Arvin,Kern County,"20,781",,,,,,,
90814,"20,723",Long Beach,Los Angeles County,"20,723",,,,,,,
92082,"20,678",Valley Center,San Diego County,"20,678",,,,,,,
92106,"20,483",San Diego,San Diego County,"20,483",,,,,,,
92344,"20,448",Hesperia,San Bernardino County,"20,448",,,,,,,
92617,"20,432",Irvine,Orange County,"20,432",,,,,,,
90048,"20,411",Los Angeles,Los Angeles County,"20,411",,,,,,,
94703,"20,404",Berkeley,Alameda County,"20,404",,,,,,,
91011,"20,389",La Canada Flintridge,Los Angeles County,"20,389",,,,,,,
92887,"20,353",Yorba Linda,Orange County,"20,353",,,,,,,
95110,"20,314",San Jose,Santa Clara County,"20,314",,,,,,,
93630,"20,272",Kerman,Fresno County,"20,272",,,,,,,
94579,"20,272",San Leandro,Alameda County,"20,272",,,,,,,
92264,"20,229",Palm Springs,Riverside County,"20,229",,,,,,,
94519,"20,162",Concord,Contra Costa County,"20,162",,,,,,,
92586,"20,152",Menifee,Riverside County,"20,152",,,,,,,
94022,"20,052",Los Altos,Santa Clara County,"20,052",,,,,,,
90069,"20,045",West Hollywood,Los Angeles County,"20,045",,,,,,,
92029,"19,986",Escondido,San Diego County,"19,986",,,,,,,
93927,"19,983",Greenfield,Monterey County,"19,983",,,,,,,
91602,"19,980",North Hollywood,Los Angeles County,"19,980",,,,,,,
95819,"19,806",Sacramento,Sacramento County,"19,806",,,,,,,
91101,"19,737",Pasadena,Los Angeles County,"19,737",,,,,,,
93103,"19,653",Santa Barbara,Santa Barbara County,"19,653",,,,,,,
91506,"19,559",Burbank,Los Angeles County,"19,559",,,,,,,
90254,"19,551",Hermosa Beach,Los Angeles County,"19,551",,,,,,,
95138,"19,420",San Jose,Santa Clara County,"19,420",,,,,,,
94563,"19,416",Orinda,Contra Costa County,"19,416",,,,,,,
92603,"19,329",Irvine,Orange County,"19,329",,,,,,,
90210,"19,180",Beverly Hills,Los Angeles County,"19,180",,,,,,,
96161,"19,146",Truckee,Nevada County,"19,146",,,,,,,
91501,"18,951",Burbank,Los Angeles County,"18,951",,,,,,,
94564,"18,946",Pinole,Contra Costa County,"18,946",,,,,,,
93210,"18,937",Coalinga,Fresno County,"18,937",,,,,,,
91390,"18,930",Santa Clarita,Los Angeles County,"18,930",,,,,,,
92587,"18,926",Menifee,Riverside County,"18,926",,,,,,,
95519,"18,781",Mckinleyville,Humboldt County,"18,781",,,,,,,
91361,"18,753",Westlake Village,Ventura County,"18,753",,,,,,,
93015,"18,716",Fillmore,Ventura County,"18,716",,,,,,,
91901,"18,669",Alpine,San Diego County,"18,669",,,,,,,
95602,"18,610",Auburn,Placer County,"18,610",,,,,,,
94949,"18,545",Novato,Marin County,"18,545",,,,,,,
95366,"18,500",Ripon,San Joaquin County,"18,500",,,,,,,
91345,"18,481",Mission Hills,Los Angeles County,"18,481",,,,,,,
91204,"18,445",Glendale,Los Angeles County,"18,445",,,,,,,
90502,"18,430",Torrance,Los Angeles County,"18,430",,,,,,,
95816,"18,334",Sacramento,Sacramento County,"18,334",,,,,,,
95959,"18,244",Nevada City,Nevada County,"18,244",,,,,,,
93111,"18,165",Santa Barbara,Santa Barbara County,"18,165",,,,,,,
91723,"17,964",Covina,Los Angeles County,"17,964",,,,,,,
93728,"17,892",Fresno,Fresno County,"17,892",,,,,,,
93247,"17,827",Lindsay,Tulare County,"17,827",,,,,,,
94612,"17,742",Oakland,Alameda County,"17,742",,,,,,,
92118,"17,602",Coronado,San Diego County,"17,602",,,,,,,
90670,"17,556",Santa Fe Springs,Los Angeles County,"17,556",,,,,,,
94702,"17,473",Berkeley,Alameda County,"17,473",,,,,,,
92637,"17,452",Laguna Woods,Orange County,"17,452",,,,,,,
91914,"17,373",Chula Vista,San Diego County,"17,373",,,,,,,
94595,"17,341",Walnut Creek,Contra Costa County,"17,341",,,,,,,
94945,"17,309",Novato,Marin County,"17,309",,,,,,,
95334,"17,302",Livingston,Merced County,"17,302",,,,,,,
94618,"17,285",Oakland,Alameda County,"17,285",,,,,,,
94305,"17,279",Stanford,Santa Clara County,"17,279",,,,,,,
94301,"17,259",Palo Alto,Santa Clara County,"17,259",,,,,,,
92270,"17,257",Rancho Mirage,Riverside County,"17,257",,,,,,,
93268,"17,124",Taft,Kern County,"17,124",,,,,,,
91902,"17,121",Bonita,San Diego County,"17,121",,,,,,,
90245,"17,081",El Segundo,Los Angeles County,"17,081",,,,,,,
95422,"16,998",Clearlake,Lake County,"16,998",,,,,,,
93930,"16,807",King City,Monterey County,"16,807",,,,,,,
95448,"16,745",Healdsburg,Sonoma County,"16,745",,,,,,,
91203,"16,679",Glendale,Los Angeles County,"16,679",,,,,,,
95673,"16,665",Rio Linda,Sacramento County,"16,665",,,,,,,
90265,"16,652",Malibu,Los Angeles County,"16,652",,,,,,,
93631,"16,588",Kingsburg,Tulare County,"16,588",,,,,,,
92010,"16,566",Carlsbad,San Diego County,"16,566",,,,,,,
95963,"16,485",Orland,Glenn County,"16,485",,,,,,,
93013,"16,459",Carpinteria,Santa Barbara County,"16,459",,,,,,,
93110,"16,403",Santa Barbara,Santa Barbara County,"16,403",,,,,,,
90232,"16,352",Culver City,Los Angeles County,"16,352",,,,,,,
90701,"16,237",Artesia,Los Angeles County,"16,237",,,,,,,
95203,"16,237",Stockton,San Joaquin County,"16,237",,,,,,,
91436,"16,190",Encino,Los Angeles County,"16,190",,,,,,,
94542,"16,188",Hayward,Alameda County,"16,188",,,,,,,
94960,"16,028",San Anselmo,Marin County,"16,028",,,,,,,
93241,"15,978",Lamont,Kern County,"15,978",,,,,,,
94556,"15,959",Moraga,Contra Costa County,"15,959",,,,,,,
92274,"15,917",Thermal,Riverside County,"15,917",,,,,,,
91708,"15,908",Chino,San Bernardino County,"15,908",,,,,,,
96021,"15,746",Corning,Tehama County,"15,746",,,,,,,
93402,"15,572",Los Osos,San Luis Obispo County,"15,572",,,,,,,
92845,"15,530",Garden Grove,Orange County,"15,530",,,,,,,
94505,"15,445",Discovery Bay,Contra Costa County,"15,445",,,,,,,
90623,"15,419",La Palma,Orange County,"15,419",,,,,,,
91208,"15,377",Glendale,Los Angeles County,"15,377",,,,,,,
93648,"15,370",Parlier,Fresno County,"15,370",,,,,,,
94019,"15,275",Half Moon Bay,San Mateo County,"15,275",,,,,,,
95304,"15,235",Tracy,San Joaquin County,"15,235",,,,,,,
95066,"15,233",Scotts Valley,Santa Cruz County,"15,233",,,,,,,
94041,"15,222",Mountain View,Santa Clara County,"15,222",,,,,,,
93250,"15,126",McFarland,Kern County,"15,126",,,,,,,
93950,"15,098",Pacific Grove,Monterey County,"15,098",,,,,,,
93505,"14,952",California City,Kern County,"14,952",,,,,,,
94552,"14,948",Castro Valley,Alameda County,"14,948",,,,,,,
95742,"14,883",Rancho Cordova,Sacramento County,"14,883",,,,,,,
92866,"14,873",Orange,Orange County,"14,873",,,,,,,
95437,"14,865",Fort Bragg,Mendocino County,"14,865",,,,,,,
95368,"14,849",Salida,Stanislaus County,"14,849",,,,,,,
94805,"14,790",Richmond,Contra Costa County,"14,790",,,,,,,
96022,"14,751",Cottonwood,Tehama County,"14,751",,,,,,,
93514,"14,692",Bishop,Mono County,"14,692",,,,,,,
90305,"14,679",Inglewood,Los Angeles County,"14,679",,,,,,,
95252,"14,622",Valley Springs,Calaveras County,"14,622",,,,,,,
90013,"14,587",Los Angeles,Los Angeles County,"14,587",,,,,,,
95817,"14,513",Sacramento,Sacramento County,"14,513",,,,,,,
94705,"14,508",Berkeley,Alameda County,"14,508",,,,,,,
94507,"14,503",Alamo,Contra Costa County,"14,503",,,,,,,
93221,"14,423",Exeter,Tulare County,"14,423",,,,,,,
95540,"14,415",Fortuna,Humboldt County,"14,415",,,,,,,
95357,"14,403",Modesto,Stanislaus County,"14,403",,,,,,,
95490,"14,360",Willits,Mendocino County,"14,360",,,,,,,
95605,"14,291",West Sacramento,Yolo County,"14,291",,,,,,,
94502,"14,225",Alameda,Alameda County,"14,225",,,,,,,
93640,"14,162",Mendota,Fresno County,"14,162",,,,,,,
95650,"14,098",Loomis,Placer County,"14,098",,,,,,,
90716,"13,941",Hawaiian Gardens,Los Angeles County,"13,941",,,,,,,
95360,"13,781",Newman,Stanislaus County,"13,781",,,,,,,
94105,"13,722",San Francisco,San Francisco County,"13,722",,,,,,,
93301,"13,672",Bakersfield,Kern County,"13,672",,,,,,,
91377,"13,627",Oak Park,Ventura County,"13,627",,,,,,,
95388,"13,518",Winton,Merced County,"13,518",,,,,,,
93636,"13,447",Madera,Madera County,"13,447",,,,,,,
93204,"13,423",Avenal,Kings County,"13,423",,,,,,,
95130,"13,376",San Jose,Santa Clara County,"13,376",,,,,,,
95030,"13,373",Los Gatos,Santa Clara County,"13,373",,,,,,,
95315,"13,317",Delhi,Merced County,"13,317",,,,,,,
93723,"13,174",Fresno,Fresno County,"13,174",,,,,,,
94904,"13,132",Greenbrae,Marin County,"13,132",,,,,,,
95832,"13,116",Sacramento,Sacramento County,"13,116",,,,,,,
92610,"13,107",Foothill Ranch,Orange County,"13,107",,,,,,,
92313,"13,104",Grand Terrace,San Bernardino County,"13,104",,,,,,,
90293,"13,039",Playa Del Rey,Los Angeles County,"13,039",,,,,,,
93908,"12,983",Salinas,Monterey County,"12,983",,,,,,,
95451,"12,957",Kelseyville,Lake County,"12,957",,,,,,,
94920,"12,906",Belvedere Tiburon,Marin County,"12,906",,,,,,,
93433,"12,755",Grover Beach,San Luis Obispo County,"12,755",,,,,,,
93543,"12,745",Littlerock,Los Angeles County,"12,745",,,,,,,
91105,"12,692",Pasadena,Los Angeles County,"12,692",,,,,,,
93923,"12,630",Carmel,Monterey County,"12,630",,,,,,,
94707,"12,596",Berkeley,Alameda County,"12,596",,,,,,,
91108,"12,559",San Marino,Los Angeles County,"12,559",,,,,,,
92625,"12,546",Corona Del Mar,Orange County,"12,546",,,,,,,
92014,"12,532",Del Mar,San Diego County,"12,532",,,,,,,
95640,"12,518",Ione,Amador County,"12,518",,,,,,,
92408,"12,478",San Bernardino,San Bernardino County,"12,478",,,,,,,
93730,"12,461",Fresno,Fresno County,"12,461",,,,,,,
95320,"12,385",Escalon,San Joaquin County,"12,385",,,,,,,
94517,"12,349",Clayton,Contra Costa County,"12,349",,,,,,,
91502,"12,312",Burbank,Los Angeles County,"12,312",,,,,,,
95814,"12,248",Sacramento,Sacramento County,"12,248",,,,,,,
94709,"12,200",Berkeley,Alameda County,"12,200",,,,,,,
92075,"12,072",Solana Beach,San Diego County,"12,072",,,,,,,
94108,"12,070",San Francisco,San Francisco County,"12,070",,,,,,,
94965,"12,044",Sausalito,Marin County,"12,044",,,,,,,
92007,"11,939",Cardiff By The Sea,San Diego County,"11,939",,,,,,,
90094,"11,891",Playa Vista,Los Angeles County,"11,891",,,,,,,
90040,"11,839",Los Angeles,Los Angeles County,"11,839",,,,,,,
93647,"11,828",Orosi,Tulare County,"11,828",,,,,,,
90402,"11,816",Santa Monica,Los Angeles County,"11,816",,,,,,,
94708,"11,810",Berkeley,Contra Costa County,"11,810",,,,,,,
90755,"11,764",Signal Hill,Los Angeles County,"11,764",,,,,,,
93614,"11,760",Coarsegold,Madera County,"11,760",,,,,,,
93109,"11,626",Santa Barbara,Santa Barbara County,"11,626",,,,,,,
94065,"11,588",Redwood City,San Mateo County,"11,588",,,,,,,
95948,"11,456",Gridley,Butte County,"11,456",,,,,,,
90248,"11,453",Gardena,Los Angeles County,"11,453",,,,,,,
95073,"11,408",Soquel,Santa Cruz County,"11,408",,,,,,,
93442,"11,399",Morro Bay,San Luis Obispo County,"11,399",,,,,,,
95425,"11,331",Cloverdale,Sonoma County,"11,331",,,,,,,
95453,"11,254",Lakeport,Lake County,"11,254",,,,,,,
93108,"11,209",Santa Barbara,Santa Barbara County,"11,209",,,,,,,
95953,"11,201",Live Oak,Sutter County,"11,201",,,,,,,
91024,"11,151",Sierra Madre,Los Angeles County,"11,151",,,,,,,
91207,"11,091",Glendale,Los Angeles County,"11,091",,,,,,,
91978,"11,006",Spring Valley,San Diego County,"11,006",,,,,,,
90212,"10,881",Beverly Hills,Los Angeles County,"10,881",,,,,,,
92567,"10,721",Nuevo,Riverside County,"10,721",,,,,,,
95326,"10,672",Hughson,Stanislaus County,"10,672",,,,,,,
92314,"10,658",Big Bear City,San Bernardino County,"10,658",,,,,,,
92055,"10,618",Camp Pendleton,San Diego County,"10,618",,,,,,,
93701,"10,602",Fresno,Fresno County,"10,602",,,,,,,
95012,"10,528",Castroville,Monterey County,"10,528",,,,,,,
94571,"10,514",Rio Vista,Solano County,"10,514",,,,,,,
96019,"10,466",Shasta Lake,Shasta County,"10,466",,,,,,,
95119,"10,461",San Jose,Santa Clara County,"10,461",,,,,,,
93223,"10,424",Farmersville,Tulare County,"10,424",,,,,,,
93286,"10,418",Woodlake,Tulare County,"10,418",,,,,,,
95386,"10,387",Waterford,Stanislaus County,"10,387",,,,,,,
92320,"10,366",Calimesa,Riverside County,"10,366",,,,,,,
95713,"10,280",Colfax,Placer County,"10,280",,,,,,,
94158,"10,205",San Francisco,San Francisco County,"10,205",,,,,,,
95954,"10,163",Magalia,Butte County,"10,163",,,,,,,
93646,"10,157",Orange Cove,Tulare County,"10,157",,,,,,,
94925,"10,155",Corte Madera,Marin County,"10,155",,,,,,,
96097,"10,154",Yreka,Siskiyou County,"10,154",,,,,,,
95338,"10,102",Mariposa,Mariposa County,"10,102",,,,,,,
93219,"9,871",Earlimart,Tulare County,"9,871",,,,,,,
95033,"9,853",Los Gatos,Santa Cruz County,"9,853",,,,,,,
95064,"9,832",Santa Cruz,Santa Cruz County,"9,832",,,,,,,
93465,"9,829",Templeton,San Luis Obispo County,"9,829",,,,,,,
92359,"9,758",Mentone,San Bernardino County,"9,758",,,,,,,
92136,"9,630",San Diego,San Diego County,"9,630",,,,,,,
95694,"9,600",Winters,Yolo County,"9,600",,,,,,,
93622,"9,419",Firebaugh,Fresno County,"9,419",,,,,,,
95322,"9,392",Gustine,Merced County,"9,392",,,,,,,
93620,"9,363",Dos Palos,Merced County,"9,363",,,,,,,
92254,"9,362",Mecca,Riverside County,"9,362",,,,,,,
91935,"9,320",Jamul,San Diego County,"9,320",,,,,,,
94572,"9,309",Rodeo,Contra Costa County,"9,309",,,,,,,
90014,"9,273",Los Angeles,Los Angeles County,"9,273",,,,,,,
95010,"9,243",Capitola,Santa Cruz County,"9,243",,,,,,,
90211,"9,208",Beverly Hills,Los Angeles County,"9,208",,,,,,,
92067,"9,186",Rancho Santa Fe,San Diego County,"9,186",,,,,,,
92657,"9,169",Newport Coast,Orange County,"9,169",,,,,,,
95946,"9,049",Penn Valley,Nevada County,"9,049",,,,,,,
92310,"8,967",Fort Irwin,San Bernardino County,"8,967",,,,,,,
94931,"8,945",Cotati,Sonoma County,"8,945",,,,,,,
93926,"8,941",Gonzales,Monterey County,"8,941",,,,,,,
95006,"8,802",Boulder Creek,Santa Cruz County,"8,802",,,,,,,
95327,"8,788",Jamestown,Tuolumne County,"8,788",,,,,,,
95324,"8,763",Hilmar,Merced County,"8,763",,,,,,,
94930,"8,748",Fairfax,Marin County,"8,748",,,,,,,
95988,"8,748",Willows,Glenn County,"8,748",,,,,,,
93546,"8,689",Mammoth Lakes,Mono County,"8,689",,,,,,,
94710,"8,471",Berkeley,Alameda County,"8,471",,,,,,,
95811,"8,456",Sacramento,Sacramento County,"8,456",,,,,,,
92325,"8,449",Crestline,San Bernardino County,"8,449",,,,,,,
93625,"8,396",Fowler,Fresno County,"8,396",,,,,,,
93434,"8,272",Guadalupe,Santa Barbara County,"8,272",,,,,,,
95220,"8,244",Acampo,San Joaquin County,"8,244",,,,,,,
92276,"8,242",Thousand Palms,Riverside County,"8,242",,,,,,,
92241,"8,232",Desert Hot Springs,Riverside County,"8,232",,,,,,,
90056,"8,225",Los Angeles,Los Angeles County,"8,225",,,,,,,
95065,"8,125",Santa Cruz,Santa Cruz County,"8,125",,,,,,,
93463,"8,059",Solvang,Santa Barbara County,"8,059",,,,,,,
93449,"8,050",Pismo Beach,San Luis Obispo County,"8,050",,,,,,,
92655,"8,040",Midway City,Orange County,"8,040",,,,,,,
92250,"8,033",Holtville,Imperial County,"8,033",,,,,,,
93721,"8,004",Fresno,Fresno County,"8,004",,,,,,,
95726,"7,974",Pollock Pines,El Dorado County,"7,974",,,,,,,
92252,"7,911",Joshua Tree,San Bernardino County,"7,911",,,,,,,
92249,"7,910",Heber,Imperial County,"7,910",,,,,,,
90077,"7,868",Los Angeles,Los Angeles County,"7,868",,,,,,,
94574,"7,827",Saint Helena,Napa County,"7,827",,,,,,,
95932,"7,789",Colusa,Colusa County,"7,789",,,,,,,
95693,"7,624",Wilton,Sacramento County,"7,624",,,,,,,
95969,"7,564",Paradise,Butte County,"7,564",,,,,,,
95005,"7,552",Ben Lomond,Santa Cruz County,"7,552",,,,,,,
91020,"7,509",Montrose,Los Angeles County,"7,509",,,,,,,
94939,"7,488",Larkspur,Marin County,"7,488",,,,,,,
90401,"7,480",Santa Monica,Los Angeles County,"7,480",,,,,,,
93510,"7,397",Acton,Los Angeles County,"7,397",,,,,,,
93591,"7,340",Palmdale,Los Angeles County,"7,340",,,,,,,
96067,"7,321",Mount Shasta,Siskiyou County,"7,321",,,,,,,
95139,"7,232",San Jose,Santa Clara County,"7,232",,,,,,,
93644,"7,169",Oakhurst,Madera County,"7,169",,,,,,,
95316,"7,154",Denair,Stanislaus County,"7,154",,,,,,,
95642,"7,152",Jackson,Amador County,"7,152",,,,,,,
94027,"7,142",Atherton,San Mateo County,"7,142",,,,,,,
92548,"7,110",Homeland,Riverside County,"7,110",,,,,,,
92356,"7,048",Lucerne Valley,San Bernardino County,"7,048",,,,,,,
94515,"7,024",Calistoga,Sonoma County,"7,024",,,,,,,
96094,"6,985",Weed,Siskiyou County,"6,985",,,,,,,
93445,"6,912",Oceano,San Luis Obispo County,"6,912",,,,,,,
94028,"6,888",Portola Valley,San Mateo County,"6,888",,,,,,,
92624,"6,881",Capistrano Beach,Orange County,"6,881",,,,,,,
92233,"6,871",Calipatria,Imperial County,"6,871",,,,,,,
93737,"6,624",Fresno,Fresno County,"6,624",,,,,,,
93234,"6,571",Huron,Fresno County,"6,571",,,,,,,
93924,"6,563",Carmel Valley,Monterey County,"6,563",,,,,,,
93410,"6,523",San Luis Obispo,San Luis Obispo County,"6,523",,,,,,,
95987,"6,504",Williams,Colusa County,"6,504",,,,,,,
93022,"6,422",Oak View,Ventura County,"6,422",,,,,,,
95619,"6,414",Diamond Springs,El Dorado County,"6,414",,,,,,,
95683,"6,330",Sloughhouse,Sacramento County,"6,330",,,,,,,
92342,"6,317",Helendale,San Bernardino County,"6,317",,,,,,,
93460,"6,280",Santa Ynez,Santa Barbara County,"6,280",,,,,,,
93656,"6,249",Riverdale,Fresno County,"6,249",,,,,,,
95631,"6,244",Foresthill,Placer County,"6,244",,,,,,,
92352,"6,147",Lake Arrowhead,San Bernardino County,"6,147",,,,,,,
95709,"6,103",Camino,El Dorado County,"6,103",,,,,,,
95470,"6,068",Redwood Valley,Mendocino County,"6,068",,,,,,,
93428,"6,056",Cambria,San Luis Obispo County,"6,056",,,,,,,
95018,"6,055",Felton,Santa Cruz County,"6,055",,,,,,,
95436,"6,008",Forestville,Sonoma County,"6,008",,,,,,,
95202,"6,000",Stockton,San Joaquin County,"6,000",,,,,,,
93427,"5,980",Buellton,Santa Barbara County,"5,980",,,,,,,
95658,"5,974",Newcastle,Placer County,"5,974",,,,,,,
95971,"5,931",Quincy,Plumas County,"5,931",,,,,,,
95019,"5,891",Freedom,Santa Cruz County,"5,891",,,,,,,
95666,"5,885",Pioneer,Amador County,"5,885",,,,,,,
95626,"5,845",Elverta,Sacramento County,"5,845",,,,,,,
92861,"5,814",Villa Park,Orange County,"5,814",,,,,,,
93267,"5,811",Strathmore,Tulare County,"5,811",,,,,,,
95046,"5,801",San Martin,Santa Clara County,"5,801",,,,,,,
95467,"5,795",Hidden Valley Lake,Lake County,"5,795",,,,,,,
93615,"5,767",Cutler,Tulare County,"5,767",,,,,,,
95672,"5,744",Rescue,El Dorado County,"5,744",,,,,,,
93270,"5,711",Terra Bella,Tulare County,"5,711",,,,,,,
96073,"5,648",Palo Cedro,Shasta County,"5,648",,,,,,,
93256,"5,575",Pixley,Tulare County,"5,575",,,,,,,
92823,"5,495",Brea,Orange County,"5,495",,,,,,,
93240,"5,470",Lake Isabella,Kern County,"5,470",,,,,,,
92363,"5,447",Needles,San Bernardino County,"5,447",,,,,,,
93501,"5,404",Mojave,Kern County,"5,404",,,,,,,
93106,"5,369",Santa Barbara,Santa Barbara County,"5,369",,,,,,,
94720,"5,322",Berkeley,Alameda County,"5,322",,,,,,,
90290,"5,300",Topanga,Los Angeles County,"5,300",,,,,,,
95222,"5,236",Angels Camp,Calaveras County,"5,236",,,,,,,
92315,"5,228",Big Bear Lake,San Bernardino County,"5,228",,,,,,,
92590,"5,212",Temecula,Riverside County,"5,212",,,,,,,
92372,"5,208",Pinon Hills,San Bernardino County,"5,208",,,,,,,
92397,"5,059",Wrightwood,Los Angeles County,"5,059",,,,,,,
93225,"5,018",Frazier Park,Ventura County,"5,018",,,,,,,
95655,"4,954",Mather,Sacramento County,"4,954",,,,,,,
95249,"4,908",San Andreas,Calaveras County,"4,908",,,,,,,
95912,"4,908",Arbuckle,Colusa County,"4,908",,,,,,,
93675,"4,891",Squaw Valley,Fresno County,"4,891",,,,,,,
93609,"4,889",Caruthers,Fresno County,"4,889",,,,,,,
95692,"4,887",Wheatland,Yuba County,"4,887",,,,,,,
92382,"4,884",Running Springs,San Bernardino County,"4,884",,,,,,,
95231,"4,865",French Camp,San Joaquin County,"4,865",,,,,,,
92210,"4,832",Indian Wells,Riverside County,"4,832",,,,,,,
95722,"4,829",Meadow Vista,Placer County,"4,829",,,,,,,
96101,"4,824",Alturas,Modoc County,"4,824",,,,,,,
94005,"4,756",Brisbane,San Mateo County,"4,756",,,,,,,
93451,"4,751",San Miguel,Monterey County,"4,751",,,,,,,
95446,"4,709",Guerneville,Sonoma County,"4,709",,,,,,,
95685,"4,703",Sutter Creek,Amador County,"4,703",,,,,,,
96088,"4,703",Shingletown,Shasta County,"4,703",,,,,,,
95665,"4,693",Pine Grove,Amador County,"4,693",,,,,,,
96064,"4,690",Montague,Siskiyou County,"4,690",,,,,,,
95228,"4,648",Copperopolis,Calaveras County,"4,648",,,,,,,
93272,"4,548",Tipton,Tulare County,"4,548",,,,,,,
95236,"4,518",Linden,San Joaquin County,"4,518",,,,,,,
94304,"4,489",Palo Alto,Santa Clara County,"4,489",,,,,,,
95623,"4,488",El Dorado,El Dorado County,"4,488",,,,,,,
95614,"4,479",Cool,El Dorado County,"4,479",,,,,,,
95671,"4,478",Represa,Sacramento County,"4,478",,,,,,,
94111,"4,468",San Francisco,San Francisco County,"4,468",,,,,,,
95938,"4,451",Durham,Butte County,"4,451",,,,,,,
92003,"4,404",Bonsall,San Diego County,"4,404",,,,,,,
93235,"4,360",Ivanhoe,Tulare County,"4,360",,,,,,,
93202,"4,308",Armona,Kings County,"4,308",,,,,,,
91906,"4,281",Campo,San Diego County,"4,281",,,,,,,
96013,"4,212",Burney,Shasta County,"4,212",,,,,,,
90010,"4,185",Los Angeles,Los Angeles County,"4,185",,,,,,,
90089,"4,164",Los Angeles,Los Angeles County,"4,164",,,,,,,
92121,"4,150",San Diego,San Diego County,"4,150",,,,,,,
95627,"4,137",Esparto,Yolo County,"4,137",,,,,,,
96122,"4,121",Portola,Plumas County,"4,121",,,,,,,
96035,"4,097",Gerber,Tehama County,"4,097",,,,,,,
95917,"4,091",Biggs,Butte County,"4,091",,,,,,,
95321,"4,068",Groveland,Tuolumne County,"4,068",,,,,,,
95045,"4,063",San Juan Bautista,San Benito County,"4,063",,,,,,,
95247,"4,022",Murphys,Calaveras County,"4,022",,,,,,,
92369,"3,999",Patton,San Bernardino County,"3,999",,,,,,,
95237,"3,992",Lockeford,San Joaquin County,"3,992",,,,,,,
96093,"3,959",Weaverville,Trinity County,"3,959",,,,,,,
94129,"3,952",San Francisco,San Francisco County,"3,952",,,,,,,
93660,"3,921",San Joaquin,Fresno County,"3,921",,,,,,,
95461,"3,909",Middletown,Lake County,"3,909",,,,,,,
95004,"3,902",Aromas,Monterey County,"3,902",,,,,,,
95258,"3,885",Woodbridge,San Joaquin County,"3,885",,,,,,,
95365,"3,882",Planada,Merced County,"3,882",,,,,,,
95634,"3,878",Georgetown,El Dorado County,"3,878",,,,,,,
94535,"3,873",Travis Afb,Solano County,"3,873",,,,,,,
93523,"3,867",Edwards,Kern County,"3,867",,,,,,,
95328,"3,856",Keyes,Stanislaus County,"3,856",,,,,,,
95379,"3,828",Tuolumne,Tuolumne County,"3,828",,,,,,,
90704,"3,822",Avalon,Los Angeles County,"3,822",,,,,,,
92539,"3,760",Anza,Riverside County,"3,760",,,,,,,
96055,"3,760",Los Molinos,Tehama County,"3,760",,,,,,,
93437,"3,681",Lompoc,Santa Barbara County,"3,681",,,,,,,
93581,"3,611",Tehachapi,Kern County,"3,611",,,,,,,
94525,"3,599",Crockett,Contra Costa County,"3,599",,,,,,,
92278,"3,574",Twentynine Palms,San Bernardino County,"3,574",,,,,,,
94951,"3,574",Penngrove,Sonoma County,"3,574",,,,,,,
92549,"3,535",Idyllwild,Riverside County,"3,535",,,,,,,
96041,"3,511",Hayfork,Trinity County,"3,511",,,,,,,
94599,"3,428",Yountville,Napa County,"3,428",,,,,,,
94018,"3,423",El Granada,San Mateo County,"3,423",,,,,,,
93953,"3,416",Pebble Beach,Monterey County,"3,416",,,,,,,
95383,"3,415",Twain Harte,Tuolumne County,"3,415",,,,,,,
94508,"3,406",Angwin,Napa County,"3,406",,,,,,,
95562,"3,396",Rio Dell,Humboldt County,"3,396",,,,,,,
92256,"3,387",Morongo Valley,San Bernardino County,"3,387",,,,,,,
95423,"3,322",Clearlake Oaks,Lake County,"3,322",,,,,,,
95053,"3,317",Santa Clara,Santa Clara County,"3,317",,,,,,,
95633,"3,305",Garden Valley,El Dorado County,"3,305",,,,,,,
95458,"3,303",Lucerne,Lake County,"3,303",,,,,,,
92661,"3,300",Newport Beach,Orange County,"3,300",,,,,,,
95536,"3,258",Ferndale,Humboldt County,"3,258",,,,,,,
95457,"3,252",Lower Lake,Lake County,"3,252",,,,,,,
92004,"3,200",Borrego Springs,San Diego County,"3,200",,,,,,,
93265,"3,194",Springville,Tulare County,"3,194",,,,,,,
94038,"3,165",Moss Beach,San Mateo County,"3,165",,,,,,,
95333,"3,157",Le Grand,Merced County,"3,157",,,,,,,
94130,"3,136",San Francisco,San Francisco County,"3,136",,,,,,,
96143,"3,130",Kings Beach,Placer County,"3,130",,,,,,,
93643,"3,115",North Fork,Madera County,"3,115",,,,,,,
95982,"3,084",Sutter,Sutter County,"3,084",,,,,,,
96145,"3,081",Tahoe City,Placer County,"3,081",,,,,,,
92036,"3,075",Julian,San Diego County,"3,075",,,,,,,
90058,"3,049",Los Angeles,Los Angeles County,"3,049",,,,,,,
93602,"3,038",Auberry,Fresno County,"3,038",,,,,,,
92179,"3,031",San Diego,San Diego County,"3,031",,,,,,,
96137,"2,949",Westwood,Lassen County,"2,949",,,,,,,
93430,"2,941",Cayucos,San Luis Obispo County,"2,941",,,,,,,
96114,"2,927",Janesville,Lassen County,"2,927",,,,,,,
95684,"2,913",Somerset,El Dorado County,"2,913",,,,,,,
95485,"2,909",Upper Lake,Lake County,"2,909",,,,,,,
95542,"2,862",Garberville,Humboldt County,"2,862",,,,,,,
93650,"2,844",Fresno,Fresno County,"2,844",,,,,,,
95245,"2,813",Mokelumne Hill,Calaveras County,"2,813",,,,,,,
92145,"2,810",San Diego,San Diego County,"2,810",,,,,,,
92140,"2,807",San Diego,San Diego County,"2,807",,,,,,,
93066,"2,805",Somis,Ventura County,"2,805",,,,,,,
90021,"2,781",Los Angeles,Los Angeles County,"2,781",,,,,,,
95428,"2,775",Covelo,Mendocino County,"2,775",,,,,,,
93532,"2,768",Lake Hughes,Los Angeles County,"2,768",,,,,,,
92285,"2,726",Landers,San Bernardino County,"2,726",,,,,,,
91330,"2,699",Northridge,Los Angeles County,"2,699",,,,,,,
93242,"2,683",Laton,Fresno County,"2,683",,,,,,,
95546,"2,666",Hoopa,Humboldt County,"2,666",,,,,,,
95663,"2,659",Penryn,Placer County,"2,659",,,,,,,
90067,"2,653",Los Angeles,Los Angeles County,"2,653",,,,,,,
94037,"2,649",Montara,San Mateo County,"2,649",,,,,,,
96032,"2,606",Fort Jones,Siskiyou County,"2,606",,,,,,,
93944,"2,605",Monterey,Monterey County,"2,605",,,,,,,
96020,"2,593",Chester,Plumas County,"2,593",,,,,,,
95442,"2,592",Glen Ellen,Sonoma County,"2,592",,,,,,,
93409,"2,591",San Luis Obispo,San Luis Obispo County,"2,591",,,,,,,
93516,"2,583",Boron,Kern County,"2,583",,,,,,,
93626,"2,583",Friant,Madera County,"2,583",,,,,,,
92536,"2,569",Aguanga,Riverside County,"2,569",,,,,,,
96052,"2,538",Lewiston,Trinity County,"2,538",,,,,,,
91962,"2,528",Pine Valley,San Diego County,"2,528",,,,,,,
95570,"2,523",Trinidad,Humboldt County,"2,523",,,,,,,
95951,"2,522",Hamilton City,Glenn County,"2,522",,,,,,,
95669,"2,514",Plymouth,Amador County,"2,514",,,,,,,
95223,"2,470",Arnold,Alpine County,"2,470",,,,,,,
93921,"2,469",Carmel By The Sea,Monterey County,"2,469",,,,,,,
95464,"2,466",Nice,Lake County,"2,466",,,,,,,
93285,"2,465",Wofford Heights,Kern County,"2,465",,,,,,,
93283,"2,416",Weldon,Kern County,"2,416",,,,,,,
93271,"2,398",Three Rivers,Tulare County,"2,398",,,,,,,
95329,"2,394",La Grange,Tuolumne County,"2,394",,,,,,,
92365,"2,393",Newberry Springs,San Bernardino County,"2,393",,,,,,,
95460,"2,349",Mendocino,Mendocino County,"2,349",,,,,,,
92662,"2,346",Newport Beach,Orange County,"2,346",,,,,,,
93205,"2,320",Bodfish,Kern County,"2,320",,,,,,,
96025,"2,247",Dunsmuir,Siskiyou County,"2,247",,,,,,,
95638,"2,246",Herald,Sacramento County,"2,246",,,,,,,
92281,"2,238",Westmorland,Imperial County,"2,238",,,,,,,
96134,"2,236",Tulelake,Modoc County,"2,236",,,,,,,
95311,"2,182",Coulterville,Mariposa County,"2,182",,,,,,,
92391,"2,177",Twin Peaks,San Bernardino County,"2,177",,,,,,,
96113,"2,164",Herlong,Lassen County,"2,164",,,,,,,
93616,"2,163",Del Rey,Fresno County,"2,163",,,,,,,
95113,"2,161",San Jose,Santa Clara County,"2,161",,,,,,,
93453,"2,096",Santa Margarita,San Luis Obispo County,"2,096",,,,,,,
94957,"2,081",Ross,Marin County,"2,081",,,,,,,
92386,"2,064",Sugarloaf,San Bernardino County,"2,064",,,,,,,
92401,"2,060",San Bernardino,San Bernardino County,"2,060",,,,,,,
94964,"2,054",San Quentin,Marin County,"2,054",,,,,,,
92093,"2,044",La Jolla,San Diego County,"2,044",,,,,,,
92230,"2,039",Cabazon,Riverside County,"2,039",,,,,,,
93222,"2,036",Pine Mountain Club,Kern County,"2,036",,,,,,,
94020,"2,030",La Honda,San Mateo County,"2,030",,,,,,,
94514,"2,023",Byron,Contra Costa County,"2,023",,,,,,,
95445,"2,012",Gualala,Mendocino County,"2,012",,,,,,,
95567,"2,001",Smith River,Del Norte County,"2,001",,,,,,,
93249,"1,996",Lost Hills,Kern County,"1,996",,,,,,,
94511,"1,993",Bethel Island,Contra Costa County,"1,993",,,,,,,
92283,"1,967",Winterhaven,Imperial County,"1,967",,,,,,,
95389,"1,963",Yosemite National Park,Mariposa County,"1,963",,,,,,,
95703,"1,955",Applegate,Placer County,"1,955",,,,,,,
92676,"1,952",Silverado,Orange County,"1,952",,,,,,,
95002,"1,920",Alviso,Santa Clara County,"1,920",,,,,,,
93667,"1,909",Tollhouse,Fresno County,"1,909",,,,,,,
96027,"1,907",Etna,Siskiyou County,"1,907",,,,,,,
93261,"1,889",Richgrove,Tulare County,"1,889",,,,,,,
95903,"1,868",Beale Afb,Yuba County,"1,868",,,,,,,
93562,"1,867",Trona,San Bernardino County,"1,867",,,,,,,
95310,"1,849",Columbia,Tuolumne County,"1,849",,,,,,,
93040,"1,838",Piru,Ventura County,"1,838",,,,,,,
90639,"1,833",La Mirada,Los Angeles County,"1,833",,,,,,,
91916,"1,833",Descanso,San Diego County,"1,833",,,,,,,
95468,"1,822",Point Arena,Mendocino County,"1,822",,,,,,,
95977,"1,822",Smartsville,Yuba County,"1,822",,,,,,,
95441,"1,819",Geyserville,Sonoma County,"1,819",,,,,,,
95918,"1,807",Browns Valley,Yuba County,"1,807",,,,,,,
96028,"1,805",Fall River Mills,Shasta County,"1,805",,,,,,,
90263,"1,803",Malibu,Los Angeles County,"1,803",,,,,,,
93920,"1,790",Big Sur,Monterey County,"1,790",,,,,,,
95551,"1,789",Loleta,Humboldt County,"1,789",,,,,,,
95255,"1,787",West Point,Calaveras County,"1,787",,,,,,,
95942,"1,786",Forest Ranch,Butte County,"1,786",,,,,,,
95449,"1,785",Hopland,Mendocino County,"1,785",,,,,,,
93527,"1,734",Inyokern,Tulare County,"1,734",,,,,,,
93266,"1,720",Stratford,Kings County,"1,720",,,,,,,
95454,"1,714",Laytonville,Mendocino County,"1,714",,,,,,,
93206,"1,709",Buttonwillow,Kern County,"1,709",,,,,,,
95524,"1,700",Bayside,Humboldt County,"1,700",,,,,,,
93252,"1,680",Maricopa,Ventura County,"1,680",,,,,,,
95421,"1,679",Cazadero,Sonoma County,"1,679",,,,,,,
92061,"1,677",Pauma Valley,San Diego County,"1,677",,,,,,,
95211,"1,676",Stockton,San Joaquin County,"1,676",,,,,,,
95319,"1,651",Empire,Stanislaus County,"1,651",,,,,,,
93513,"1,649",Big Pine,Inyo County,"1,649",,,,,,,
95372,"1,639",Soulsbyville,Tuolumne County,"1,639",,,,,,,
92273,"1,631",Seeley,Imperial County,"1,631",,,,,,,
95975,"1,628",Rough And Ready,Nevada County,"1,628",,,,,,,
92561,"1,622",Mountain Center,Riverside County,"1,622",,,,,,,
95690,"1,621",Walnut Grove,Sacramento County,"1,621",,,,,,,
95374,"1,581",Stevinson,Merced County,"1,581",,,,,,,
96118,"1,581",Loyalton,Sierra County,"1,581",,,,,,,
93651,"1,580",Prather,Fresno County,"1,580",,,,,,,
93426,"1,566",Bradley,Monterey County,"1,566",,,,,,,
95528,"1,555",Carlotta,Humboldt County,"1,555",,,,,,,
95246,"1,548",Mountain Ranch,Calaveras County,"1,548",,,,,,,
95641,"1,517",Isleton,Sacramento County,"1,517",,,,,,,
95323,"1,516",Hickman,Stanislaus County,"1,516",,,,,,,
95689,"1,498",Volcano,Amador County,"1,498",,,,,,,
95612,"1,462",Clarksburg,Yolo County,"1,462",,,,,,,
92059,"1,456",Pala,San Diego County,"1,456",,,,,,,
94973,"1,438",Woodacre,Marin County,"1,438",,,,,,,
93432,"1,434",Creston,San Luis Obispo County,"1,434",,,,,,,
93544,"1,427",Llano,Los Angeles County,"1,427",,,,,,,
95039,"1,427",Moss Landing,Monterey County,"1,427",,,,,,,
95573,"1,417",Willow Creek,Humboldt County,"1,417",,,,,,,
95955,"1,413",Maxwell,Colusa County,"1,413",,,,,,,
91905,"1,411",Boulevard,San Diego County,"1,411",,,,,,,
92086,"1,409",Warner Springs,San Diego County,"1,409",,,,,,,
95947,"1,407",Greenville,Plumas County,"1,407",,,,,,,
92275,"1,406",Salton City,Imperial County,"1,406",,,,,,,
93239,"1,404",Kettleman City,Kings County,"1,404",,,,,,,
92398,"1,394",Yermo,San Bernardino County,"1,394",,,,,,,
94923,"1,390",Bodega Bay,Sonoma County,"1,390",,,,,,,
96069,"1,390",Oak Run,Shasta County,"1,390",,,,,,,
95415,"1,383",Boonville,Mendocino County,"1,383",,,,,,,
93653,"1,378",Raymond,Madera County,"1,378",,,,,,,
95636,"1,374",Grizzly Flats,El Dorado County,"1,374",,,,,,,
95681,"1,370",Sheridan,Placer County,"1,370",,,,,,,
93461,"1,369",Shandon,San Luis Obispo County,"1,369",,,,,,,
95968,"1,366",Palermo,Butte County,"1,366",,,,,,,
92282,"1,361",Whitewater,Riverside County,"1,361",,,,,,,
95525,"1,358",Blue Lake,Humboldt County,"1,358",,,,,,,
93925,"1,352",Chualar,Monterey County,"1,352",,,,,,,
93545,"1,342",Lone Pine,Inyo County,"1,342",,,,,,,
94924,"1,342",Bolinas,Marin County,"1,342",,,,,,,
96103,"1,340",Blairsden Graeagle,Plumas County,"1,340",,,,,,,
95560,"1,337",Redway,Humboldt County,"1,337",,,,,,,
95469,"1,323",Potter Valley,Mendocino County,"1,323",,,,,,,
96056,"1,318",Mcarthur,Lassen County,"1,318",,,,,,,
94060,"1,312",Pescadero,San Mateo County,"1,312",,,,,,,
96109,"1,297",Doyle,Lassen County,"1,297",,,,,,,
92091,"1,288",Rancho Santa Fe,San Diego County,"1,288",,,,,,,
94933,"1,284",Forest Knolls,Marin County,"1,284",,,,,,,
96048,"1,283",Junction City,Trinity County,"1,283",,,,,,,
91934,"1,251",Jacumba,San Diego County,"1,251",,,,,,,
95465,"1,251",Occidental,Sonoma County,"1,251",,,,,,,
95452,"1,240",Kenwood,Sonoma County,"1,240",,,,,,,
92242,"1,230",Earp,San Bernardino County,"1,230",,,,,,,
95497,"1,224",The Sea Ranch,Sonoma County,"1,224",,,,,,,
96140,"1,219",Carnelian Bay,Placer County,"1,219",,,,,,,
95387,"1,215",Westley,Stanislaus County,"1,215",,,,,,,
96044,"1,215",Hornbrook,Siskiyou County,"1,215",,,,,,,
93201,"1,209",Alpaugh,Tulare County,"1,209",,,,,,,
96120,"1,209",Markleeville,Alpine County,"1,209",,,,,,,
93601,"1,206",Ahwahnee,Madera County,"1,206",,,,,,,
95686,"1,194",Thornton,San Joaquin County,"1,194",,,,,,,
95652,"1,193",Mcclellan,Sacramento County,"1,193",,,,,,,
94956,"1,189",Point Reyes Station,Marin County,"1,189",,,,,,,
96023,"1,189",Dorris,Siskiyou County,"1,189",,,,,,,
92257,"1,186",Niland,Imperial County,"1,186",,,,,,,
95919,"1,183",Brownsville,Yuba County,"1,183",,,,,,,
95227,"1,180",Clements,San Joaquin County,"1,180",,,,,,,
95426,"1,178",Cobb,Lake County,"1,178",,,,,,,
93424,"1,174",Avila Beach,San Luis Obispo County,"1,174",,,,,,,
93740,"1,174",Fresno,Fresno County,"1,174",,,,,,,
95645,"1,162",Knights Landing,Yolo County,"1,162",,,,,,,
96057,"1,158",Mccloud,Siskiyou County,"1,158",,,,,,,
95589,"1,153",Whitethorn,Humboldt County,"1,153",,,,,,,
95615,"1,147",Courtland,Sacramento County,"1,147",,,,,,,
96146,"1,147",Olympic Valley,Placer County,"1,147",,,,,,,
95937,"1,145",Dunnigan,Yolo County,"1,145",,,,,,,
95549,"1,140",Kneeland,Humboldt County,"1,140",,,,,,,
93553,"1,136",Pearblossom,Los Angeles County,"1,136",,,,,,,
95962,"1,136",Oregon House,Yuba County,"1,136",,,,,,,
95664,"1,133",Pilot Hill,El Dorado County,"1,133",,,,,,,
92518,"1,132",March Air Reserve Base,Riverside County,"1,132",,,,,,,
93246,"1,129",Lemoore,Kings County,"1,129",,,,,,,
93606,"1,129",Biola,Fresno County,"1,129",,,,,,,
96008,"1,123",Bella Vista,Shasta County,"1,123",,,,,,,
95547,"1,121",Hydesville,Humboldt County,"1,121",,,,,,,
96024,"1,105",Douglas City,Trinity County,"1,105",,,,,,,
92135,"1,095",San Diego,San Diego County,"1,095",,,,,,,
95462,"1,091",Monte Rio,Sonoma County,"1,091",,,,,,,
93258,"1,086",Porterville,Tulare County,"1,086",,,,,,,
93441,"1,085",Los Olivos,Santa Barbara County,"1,085",,,,,,,
96051,"1,067",Lakehead,Shasta County,"1,067",,,,,,,
92339,"1,064",Forest Falls,San Bernardino County,"1,064",,,,,,,
94575,"1,048",Moraga,Contra Costa County,"1,048",,,,,,,
95701,"1,045",Alta,Placer County,"1,045",,,,,,,
95346,"1,041",Mi Wuk Village,Tuolumne County,"1,041",,,,,,,
93928,"1,040",Jolon,Monterey County,"1,040",,,,,,,
95553,"1,037",Miranda,Humboldt County,"1,037",,,,,,,
95548,"1,034",Klamath,Del Norte County,"1,034",,,,,,,
93668,"1,025",Tranquillity,Fresno County,"1,025",,,,,,,
92328,"1,022",Death Valley,Inyo County,"1,022",,,,,,,
95538,"1,022",Fort Dick,Del Norte County,"1,022",,,,,,,
94592,"1,020",Vallejo,Solano County,"1,020",,,,,,,
95225,"1,019",Burson,Calaveras County,"1,019",,,,,,,
92368,"1,018",Oro Grande,San Bernardino County,"1,018",,,,,,,
93608,"1,018",Cantua Creek,Fresno County,"1,018",,,,,,,
90073,"1,014",Los Angeles,Los Angeles County,"1,014",,,,,,,
96062,"1,002",Millville,Shasta County,"1,002",,,,,,,
93067,999,Summerland,Santa Barbara County,999,,,,,,,
91125,996,Pasadena,Los Angeles County,996,,,,,,,
93243,977,Lebec,Kern County,977,,,,,,,
95916,965,Berry Creek,Butte County,965,,,,,,,
94586,964,Sunol,Alameda County,964,,,,,,,
96104,962,Cedarville,Modoc County,962,,,,,,,
95317,948,El Nido,Merced County,948,,,,,,,
95635,948,Greenwood,El Dorado County,948,,,,,,,
96142,946,Tahoma,El Dorado County,946,,,,,,,
94937,938,Inverness,Marin County,938,,,,,,,
95563,911,Salyer,Trinity County,911,,,,,,,
95017,907,Davenport,Santa Cruz County,907,,,,,,,
93645,897,O'Neals,Madera County,897,,,,,,,
93518,894,Caliente,Kern County,894,,,,,,,
93624,892,Five Points,Fresno County,892,,,,,,,
95303,891,Ballico,Merced County,891,,,,,,,
95466,880,Philo,Mendocino County,880,,,,,,,
93255,872,Onyx,Kern County,872,,,,,,,
93254,869,New Cuyama,Santa Barbara County,869,,,,,,,
96107,868,Coleville,Mono County,868,,,,,,,
93238,866,Kernville,Tulare County,866,,,,,,,
95313,860,Crows Landing,Stanislaus County,860,,,,,,,
95565,860,Scotia,Humboldt County,860,,,,,,,
95674,859,Rio Oso,Sutter County,859,,,,,,,
93526,855,Independence,Inyo County,855,,,,,,,
95459,853,Manchester,Mendocino County,853,,,,,,,
91917,851,Dulzura,San Diego County,851,,,,,,,
93440,846,Los Alamos,Santa Barbara County,846,,,,,,,
96047,843,Igo,Shasta County,843,,,,,,,
93450,830,San Ardo,Monterey County,830,,,,,,,
96087,824,Shasta,Shasta County,824,,,,,,,
93541,817,Lee Vining,Mono County,817,,,,,,,
96058,809,Macdoel,Siskiyou County,809,,,,,,,
95041,803,Mount Hermon,Santa Cruz County,803,,,,,,,
95410,797,Albion,Mendocino County,797,,,,,,,
93218,796,Ducor,Tulare County,796,,,,,,,
95659,790,Nicolaus,Sutter County,790,,,,,,,
92321,784,Cedar Glen,San Bernardino County,784,,,,,,,
95306,784,Catheys Valley,Mariposa County,784,,,,,,,
96096,784,Whitmore,Shasta County,784,,,,,,,
95439,782,Fulton,Sonoma County,782,,,,,,,
95471,780,Rio Nido,Sonoma County,780,,,,,,,
95369,778,Snelling,Merced County,778,,,,,,,
95456,775,Little River,Mendocino County,775,,,,,,,
92358,762,Lytle Creek,San Bernardino County,762,,,,,,,
92070,761,Santa Ysabel,San Diego County,761,,,,,,,
95957,752,Meridian,Sutter County,752,,,,,,,
91931,749,Guatay,San Diego County,749,,,,,,,
95629,747,Fiddletown,Amador County,747,,,,,,,
92322,746,Cedarpines Park,San Bernardino County,746,,,,,,,
95830,746,Sacramento,Sacramento County,746,,,,,,,
91008,744,Duarte,Los Angeles County,744,,,,,,,
95651,738,Lotus,El Dorado County,738,,,,,,,
94528,726,Diablo,Contra Costa County,726,,,,,,,
96039,726,Happy Camp,Siskiyou County,726,,,,,,,
93043,722,Port Hueneme Cbc Base,Ventura County,722,,,,,,,
94567,719,Pope Valley,Napa County,719,,,,,,,
93666,704,Sultana,Tulare County,704,,,,,,,
95527,701,Burnt Ranch,Trinity County,701,,,,,,,
96091,693,Trinity Center,Trinity County,693,,,,,,,
95556,692,Orleans,Humboldt County,692,,,,,,,
94946,673,Nicasio,Marin County,673,,,,,,,
95943,670,Glenn,Glenn County,670,,,,,,,
95043,669,Paicines,San Benito County,669,,,,,,,
96084,664,Round Mountain,Shasta County,664,,,,,,,
96129,640,Beckwourth,Plumas County,640,,,,,,,
95526,638,Bridgeville,Humboldt County,638,,,,,,,
92327,633,Daggett,San Bernardino County,633,,,,,,,
92678,630,Trabuco Canyon,Orange County,630,,,,,,,
96148,630,Tahoe Vista,Placer County,630,,,,,,,
95537,629,Fields Landing,Humboldt County,629,,,,,,,
91963,624,Potrero,San Diego County,624,,,,,,,
95432,614,Elk,Mendocino County,614,,,,,,,
94613,612,Oakland,Alameda County,612,,,,,,,
92347,601,Hinkley,San Bernardino County,601,,,,,,,
96128,600,Standish,Lassen County,600,,,,,,,
94548,598,Knightsen,Contra Costa County,598,,,,,,,
95960,594,North San Juan,Sierra County,594,,,,,,,
95922,593,Camptonville,Yuba County,593,,,,,,,
96141,592,Homewood,Placer County,592,,,,,,,
95427,589,Comptche,Mendocino County,589,,,,,,,
93517,587,Bridgeport,Mono County,587,,,,,,,
96006,587,Adin,Lassen County,587,,,,,,,
92317,567,Blue Jay,San Bernardino County,567,,,,,,,
95075,566,Tres Pinos,San Benito County,566,,,,,,,
95564,564,Samoa,Humboldt County,564,,,,,,,
92309,561,Baker,San Bernardino County,561,,,,,,,
96015,560,Canby,Modoc County,560,,,,,,,
94104,557,San Francisco,San Francisco County,557,,,,,,,
95728,549,Soda Springs,Placer County,549,,,,,,,
92258,547,North Palm Springs,Riverside County,547,,,,,,,
95585,545,Leggett,Mendocino County,545,,,,,,,
95385,531,Vernalis,Stanislaus County,531,,,,,,,
95345,528,Midpines,Mariposa County,528,,,,,,,
95318,522,El Portal,Mariposa County,522,,,,,,,
92092,521,La Jolla,San Diego County,521,,,,,,,
95251,521,Vallecito,Calaveras County,521,,,,,,,
95444,516,Graton,Sonoma County,516,,,,,,,
95230,513,Farmington,Stanislaus County,513,,,,,,,
94922,509,Bodega,Sonoma County,509,,,,,,,
95668,507,Pleasant Grove,Sutter County,507,,,,,,,
92060,506,Palomar Mountain,San Diego County,506,,,,,,,
95253,504,Victor,San Joaquin County,504,,,,,,,
93224,501,Fellows,Kern County,501,,,,,,,
93954,501,San Lucas,Monterey County,501,,,,,,,
92305,500,Angelus Oaks,San Bernardino County,500,,,,,,,
96038,499,Grenada,Siskiyou County,499,,,,,,,
95545,492,Honeydew,Humboldt County,492,,,,,,,
95675,487,River Pines,Amador County,487,,,,,,,
90742,469,Sunset Beach,Orange County,469,,,,,,,
92350,468,Loma Linda,San Bernardino County,468,,,,,,,
95970,466,Princeton,Colusa County,466,,,,,,,
95935,465,Dobbins,Yuba County,465,,,,,,,
96106,465,Clio,Plumas County,465,,,,,,,
94963,462,San Geronimo,Marin County,462,,,,,,,
95956,458,Meadow Valley,Plumas County,458,,,,,,,
95653,455,Madison,Yolo County,455,,,,,,,
95914,450,Bangor,Butte County,450,,,,,,,
94929,442,Dillon Beach,Marin County,442,,,,,,,
95950,442,Grimes,Colusa County,442,,,,,,,
92378,437,Rimforest,San Bernardino County,437,,,,,,,
90743,434,Surfside,Orange County,434,,,,,,,
92333,429,Fawnskin,San Bernardino County,429,,,,,,,
96105,429,Chilcoot,Plumas County,429,,,,,,,
94938,428,Lagunitas,Marin County,428,,,,,,,
93531,425,Keene,Kern County,425,,,,,,,
95552,423,Mad River,Trinity County,423,,,,,,,
96090,421,Tehama,Tehama County,421,,,,,,,
95930,417,Clipper Mills,Butte County,417,,,,,,,
95714,411,Dutch Flat,Placer County,411,,,,,,,
92268,405,Pioneertown,San Bernardino County,405,,,,,,,
96092,402,Vina,Tehama County,402,,,,,,,
94970,400,Stinson Beach,Marin County,400,,,,,,,
96050,400,Klamath River,Siskiyou County,400,,,,,,,
95221,398,Altaville,Calaveras County,398,,,,,,,
95257,398,Wilseyville,Calaveras County,398,,,,,,,
95941,396,Forbestown,Butte County,396,,,,,,,
95983,395,Taylorsville,Plumas County,395,,,,,,,
93665,386,South Dos Palos,Merced County,386,,,,,,,
93652,378,Raisin City,Fresno County,378,,,,,,,
93673,378,Traver,Tulare County,378,,,,,,,
95543,376,Gasquet,Del Norte County,376,,,,,,,
95939,376,Elk Creek,Glenn County,376,,,,,,,
95979,374,Stonyford,Colusa County,374,,,,,,,
93932,370,Lockwood,Monterey County,370,,,,,,,
95555,370,Orick,Humboldt County,370,,,,,,,
93604,366,Bass Lake,Madera County,366,,,,,,,
95488,366,Westport,Mendocino County,366,,,,,,,
94971,364,Tomales,Marin County,364,,,,,,,
96065,364,Montgomery Creek,Shasta County,364,,,,,,,
95007,359,Brookdale,Santa Cruz County,359,,,,,,,
95601,352,Amador City,Amador County,352,,,,,,,
95420,351,Caspar,Mendocino County,351,,,,,,,
95254,350,Wallace,Calaveras County,350,,,,,,,
95435,347,Finley,Lake County,347,,,,,,,
96034,345,Gazelle,Siskiyou County,345,,,,,,,
96075,341,Paynes Creek,Tehama County,341,,,,,,,
92341,331,Green Valley Lake,San Bernardino County,331,,,,,,,
96046,328,Hyampom,Trinity County,328,,,,,,,
93669,324,Wishon,Madera County,324,,,,,,,
96059,323,Manton,Tehama County,323,,,,,,,
96033,321,French Gulch,Shasta County,321,,,,,,,
96124,320,Calpine,Sierra County,320,,,,,,,
92066,319,Ranchita,San Diego County,319,,,,,,,
96016,319,Cassel,Shasta County,319,,,,,,,
95639,314,Hood,Sacramento County,314,,,,,,,
90071,313,Los Angeles,Los Angeles County,313,,,,,,,
93512,313,Benton,Mono County,313,,,,,,,
95554,313,Myers Flat,Humboldt County,313,,,,,,,
95913,313,Artois,Glenn County,313,,,,,,,
95224,311,Avery,Calaveras County,311,,,,,,,
91210,310,Glendale,Los Angeles County,310,,,,,,,
93628,310,Hume,Fresno County,310,,,,,,,
93407,309,San Luis Obispo,San Luis Obispo County,309,,,,,,,
93452,307,San Simeon,San Luis Obispo County,307,,,,,,,
95837,306,Sacramento,Sacramento County,306,,,,,,,
93529,302,June Lake,Mono County,302,,,,,,,
91759,299,Mt Baldy,Los Angeles County,299,,,,,,,
92239,296,Desert Center,Riverside County,296,,,,,,,
93251,293,McKittrick,Kern County,293,,,,,,,
93664,288,Shaver Lake,Fresno County,288,,,,,,,
96117,288,Litchfield,Lassen County,288,,,,,,,
95312,284,Cressey,Merced County,284,,,,,,,
95697,281,Yolo,Yolo County,281,,,,,,,
95637,276,Guinda,Yolo County,276,,,,,,,
95450,272,Jenner,Sonoma County,272,,,,,,,
95412,271,Annapolis,Sonoma County,271,,,,,,,
96054,269,Lookout,Modoc County,269,,,,,,,
96086,268,Seiad Valley,Siskiyou County,268,,,,,,,
94940,260,Marshall,Marin County,260,,,,,,,
93549,254,Olancha,Inyo County,254,,,,,,,
94569,251,Port Costa,Contra Costa County,251,,,,,,,
93603,249,Badger,Tulare County,249,,,,,,,
95646,249,Kirkwood,Alpine County,249,,,,,,,
96009,247,Bieber,Lassen County,247,,,,,,,
95558,246,Petrolia,Humboldt County,246,,,,,,,
92134,241,San Diego,San Diego County,241,,,,,,,
95607,235,Capay,Yolo County,235,,,,,,,
96125,234,Sierra City,Sierra County,234,,,,,,,
95233,233,Hathaway Pines,Calaveras County,233,,,,,,,
93207,232,California Hot Springs,Tulare County,232,,,,,,,
96011,232,Big Bend,Shasta County,232,,,,,,,
93227,227,Goshen,Tulare County,227,,,,,,,
96126,227,Sierraville,Sierra County,227,,,,,,,
92259,225,Ocotillo,Imperial County,225,,,,,,,
95568,224,Somes Bar,Siskiyou County,224,,,,,,,
93563,222,Valyermo,Los Angeles County,222,,,,,,,
93641,216,Miramonte,Fresno County,216,,,,,,,
95550,213,Korbel,Humboldt County,213,,,,,,,
94516,212,Canyon,Contra Costa County,212,,,,,,,
95417,211,Branscomb,Mendocino County,211,,,,,,,
95232,202,Glencoe,Calaveras County,202,,,,,,,
93962,198,Spreckels,Monterey County,198,,,,,,,
92155,196,San Diego,San Diego County,196,,,,,,,
93627,196,Helm,Fresno County,196,,,,,,,
95698,196,Zamora,Yolo County,196,,,,,,,
95443,190,Glenhaven,Lake County,190,,,,,,,
95925,188,Challenge,Yuba County,188,,,,,,,
96133,188,Topaz,Mono County,188,,,,,,,
92389,187,Tecopa,Inyo County,187,,,,,,,
95606,185,Brooks,Yolo County,185,,,,,,,
96074,183,Paskenta,Tehama County,183,,,,,,,
92147,180,San Diego,San Diego County,180,,,,,,,
93260,178,Posey,Tulare County,178,,,,,,,
92332,177,Essex,San Bernardino County,177,,,,,,,
95984,177,Twain,Plumas County,177,,,,,,,
93621,173,Dunlap,Fresno County,173,,,,,,,
96014,173,Callahan,Siskiyou County,173,,,,,,,
96112,172,Fort Bidwell,Modoc County,172,,,,,,,
94576,171,Deer Park,Napa County,171,,,,,,,
92266,170,Palo Verde,Imperial County,170,,,,,,,
95419,169,Camp Meeker,Sonoma County,169,,,,,,,
92385,167,Skyforest,San Bernardino County,167,,,,,,,
95920,164,Butte City,Glenn County,164,,,,,,,
95305,158,Big Oak Flat,Tuolumne County,158,,,,,,,
94972,153,Valley Ford,Sonoma County,153,,,,,,,
96076,152,Platina,Trinity County,152,,,,,,,
94074,151,San Gregorio,San Mateo County,151,,,,,,,
95494,151,Yorkville,Mendocino County,151,,,,,,,
93276,150,Tupman,Kern County,150,,,,,,,
96108,149,Davis Creek,Modoc County,149,,,,,,,
95910,148,Alleghany,Sierra County,148,,,,,,,
96121,145,Milford,Lassen County,145,,,,,,,
95493,144,Witter Springs,Lake County,144,,,,,,,
95595,143,Zenia,Trinity County,143,,,,,,,
96017,143,Castella,Shasta County,143,,,,,,,
95972,142,Rackerby,Yuba County,142,,,,,,,
91046,141,Verdugo City,Los Angeles County,141,,,,,,,
96078,135,Proberta,Tehama County,135,,,,,,,
95679,131,Rumsey,Yolo County,131,,,,,,,
95736,131,Weimar,Placer County,131,,,,,,,
96037,131,Greenview,Siskiyou County,131,,,,,,,
95717,129,Gold Run,Placer County,129,,,,,,,
93208,127,Camp Nelson,Tulare County,127,,,,,,,
90822,125,Long Beach,Los Angeles County,125,,,,,,,
96068,125,Nubieber,Lassen County,125,,,,,,,
94021,123,Loma Mar,San Mateo County,123,,,,,,,
96115,122,Lake City,Modoc County,122,,,,,,,
93244,121,Lemon Cove,Tulare County,121,,,,,,,
95936,121,Downieville,Sierra County,121,,,,,,,
96029,120,Flournoy,Tehama County,120,,,,,,,
93287,119,Woody,Kern County,119,,,,,,,
95429,118,Dos Rios,Mendocino County,118,,,,,,,
95514,117,Blocksburg,Humboldt County,117,,,,,,,
95676,113,Robbins,Sutter County,113,,,,,,,
95715,110,Emigrant Gap,Placer County,110,,,,,,,
93670,108,Yettem,Tulare County,108,,,,,,,
93042,107,Point Mugu Nawc,Ventura County,107,,,,,,,
94573,107,Rutherford,Napa County,107,,,,,,,
95720,107,Kyburz,El Dorado County,107,,,,,,,
95248,106,Rail Road Flat,Calaveras County,106,,,,,,,
96135,106,Vinton,Plumas County,106,,,,,,,
91948,104,Mount Laguna,San Diego County,104,,,,,,,
95986,104,Washington,Nevada County,104,,,,,,,
91980,103,Tecate,San Diego County,103,,,,,,,
95511,102,Alderpoint,Humboldt County,102,,,,,,,
93237,98,Kaweah,Tulare County,98,,,,,,,
95978,98,Stirling City,Butte County,98,,,,,,,
93605,97,Big Creek,Fresno County,97,,,,,,,
93528,94,Johannesburg,Kern County,94,,,,,,,
93524,93,Edwards,Kern County,93,,,,,,,
95140,91,Mount Hamilton,Santa Clara County,91,,,,,,,
95569,91,Redcrest,Humboldt County,91,,,,,,,
95463,88,Navarro,Mendocino County,88,,,,,,,
95625,88,Elmira,Solano County,88,,,,,,,
93522,86,Darwin,Inyo County,86,,,,,,,
93741,77,Fresno,Fresno County,77,,,,,,,
96063,77,Mineral,Tehama County,77,,,,,,,
95431,76,Eldridge,Sonoma County,76,,,,,,,
96040,71,Hat Creek,Shasta County,71,,,,,,,
96031,66,Forks Of Salmon,Siskiyou County,66,,,,,,,
93554,65,Randsburg,Kern County,65,,,,,,,
95944,65,Goodyears Bar,Sierra County,65,,,,,,,
95974,65,Richvale,Butte County,65,,,,,,,
93429,64,Casmalia,Santa Barbara County,64,,,,,,,
95375,64,Strawberry,Tuolumne County,64,,,,,,,
96123,62,Ravendale,Lassen County,62,,,,,,,
95699,60,Drytown,Amador County,60,,,,,,,
95335,58,Long Barn,Tuolumne County,58,,,,,,,
94512,57,Birds Landing,Solano County,57,,,,,,,
91608,56,Universal City,Los Angeles County,56,,,,,,,
93226,55,Glennville,Kern County,55,,,,,,,
95013,53,Coyote,Santa Clara County,53,,,,,,,
95981,52,Strawberry Valley,Plumas County,52,,,,,,,
95735,51,Twin Bridges,El Dorado County,51,,,,,,,
95325,44,Hornitos,Mariposa County,44,,,,,,,
95923,43,Canyon Dam,Plumas County,43,,,,,,,
96136,40,Wendel,Lassen County,40,,,,,,,
96085,38,Scott Bar,Siskiyou County,38,,,,,,,
96110,37,Eagleville,Modoc County,37,,,,,,,
95604,34,Auburn,Placer County,34,,,,,,,
95934,33,Crescent Mills,Plumas County,33,,,,,,,
96119,31,Madeline,Lassen County,31,,,,,,,
95571,30,Weott,Humboldt County,30,,,,,,,
93634,29,Lakeshore,Fresno County,29,,,,,,,
93530,28,Keeler,Inyo County,28,,,,,,,
96010,28,Big Bar,Trinity County,28,,,,,,,
95486,27,Villa Grande,Sonoma County,27,,,,,,,
93633,26,Kings Canyon National Pk,Tulare County,26,,,,,,,
90747,25,Carson,Los Angeles County,25,,,,,,,
92384,23,Shoshone,Inyo County,23,,,,,,,
94950,23,Olema,Marin County,23,,,,,,,
96111,23,Floriston,Nevada County,23,,,,,,,
96116,19,Likely,Modoc County,19,,,,,,,
93262,18,Sequoia National Park,Tulare County,18,,,,,,,
93558,17,Red Mountain,San Bernardino County,17,,,,,,,
96132,17,Termo,Lassen County,17,,,,,,,
92161,12,San Diego,San Diego County,12,,,,,,,
92364,12,Nipton,San Bernardino County,12,,,,,,,
93943,12,Monterey,Monterey County,12,,,,,,,
93408,11,San Luis Obispo,San Luis Obispo County,11,,,,,,,
95680,9,Ryde,Sacramento County,9,,,,,,,
96071,7,Old Station,Shasta County,7,,,,,,,
95480,6,Stewarts Point,Sonoma County,6,,,,,,,
93623,4,Fish Camp,Mariposa County,4,,,,,,,
90052,0,Los Angeles,Los Angeles County,0,,,,,,,
90079,0,Los Angeles,Los Angeles County,0,,,,,,,
90095,0,Los Angeles,Los Angeles County,0,,,,,,,
90506,0,Torrance,Los Angeles County,0,,,,,,,
90831,0,Long Beach,Los Angeles County,0,,,,,,,
90840,0,Long Beach,Los Angeles County,0,,,,,,,
91371,0,Woodland Hills,Los Angeles County,0,,,,,,,
92096,0,San Marcos,San Diego County,0,,,,,,,
92132,0,San Diego,San Diego County,0,,,,,,,
92182,0,San Diego,San Diego County,0,,,,,,,
92222,0,Bard,Imperial County,0,,,,,,,
92267,0,Parker Dam,San Bernardino County,0,,,,,,,
92280,0,Vidal,San Bernardino County,0,,,,,,,
92304,0,Amboy,San Bernardino County,0,,,,,,,
92338,0,Ludlow,San Bernardino County,0,,,,,,,
92415,0,San Bernardino,San Bernardino County,0,,,,,,,
92521,0,Riverside,Riverside County,0,,,,,,,
92697,0,Irvine,Orange County,0,,,,,,,
93064,0,Brandeis,Ventura County,0,,,,,,,
